Id,Dominant_Topic
2,2
4,3
5,1
6,2
8,1
9,0
10,0
11,3
12,2
13,0
15,2
18,3
19,1
20,0
21,0
22,2
23,2
24,2
25,2
26,1
27,0
28,1
29,1
31,0
32,1
33,0
34,2
35,2
37,0
38,0
39,2
40,0
41,2
42,2
43,0
44,0
45,0
46,2
47,0
48,0
49,2
50,0
54,0
55,0
56,0
57,2
60,3
62,0
63,1
65,0
66,0
67,2
68,2
69,0
70,2
73,2
74,0
76,0
77,2
78,1
79,1
83,3
84,1
85,1
86,3
87,1
89,2
90,1
91,2
92,1
94,0
95,2
96,0
97,1
98,2
99,3
100,1
101,1
102,2
104,2
105,3
106,2
109,1
110,2
111,2
116,3
117,3
118,3
119,2
120,2
121,3
122,2
123,1
124,2
125,1
126,0
127,0
128,0
129,0
131,2
133,0
136,0
142,0
143,3
144,2
145,0
146,2
147,1
150,0
151,1
152,2
153,0
155,0
156,2
157,0
158,0
159,1
160,3
161,3
162,3
163,0
164,1
165,0
166,1
169,1
170,3
171,2
172,0
173,0
176,1
177,2
178,1
179,3
180,2
181,1
182,2
183,2
184,2
187,1
189,2
190,1
191,3
192,2
193,2
195,2
197,2
199,3
202,2
204,3
205,2
206,1
207,2
210,2
211,2
212,1
213,2
215,0
216,1
217,3
218,0
219,2
220,2
221,0
223,2
224,3
225,2
227,3
228,0
229,2
231,3
233,3
235,0
236,3
237,0
240,3
241,3
243,0
244,3
245,1
246,2
247,1
248,1
250,2
251,3
254,0
255,1
256,1
259,1
260,1
261,2
262,3
263,3
264,2
265,0
266,0
268,1
270,0
271,1
274,1
276,1
277,3
278,1
279,1
280,1
281,1
282,3
283,3
284,1
285,2
286,1
287,3
288,3
289,0
290,1
291,1
292,1
293,3
294,3
295,0
296,0
297,3
298,0
299,1
300,3
301,3
302,0
303,0
304,1
305,3
306,1
307,0
308,1
309,1
310,3
311,1
312,3
313,3
314,3
315,1
316,3
317,3
318,2
319,2
320,3
322,0
323,3
326,2
328,0
330,0
331,3
332,1
333,1
334,3
335,3
336,3
337,3
338,1
339,0
340,0
341,0
342,1
343,2
345,0
346,2
347,1
348,0
355,2
356,0
357,0
359,2
363,0
364,0
365,0
366,0
367,0
369,0
370,2
371,2
372,0
373,1
375,0
376,3
377,0
378,3
380,0
381,2
385,2
386,0
388,3
389,1
391,0
392,0
393,0
394,0
395,0
396,0
397,0
398,1
399,0
401,0
402,2
403,3
404,2
405,0
406,2
409,2
410,1
411,0
413,0
414,2
415,0
422,0
426,1
428,1
431,1
435,3
438,3
440,2
444,0
446,1
449,1
450,2
451,1
452,0
453,0
454,1
455,0
456,2
457,1
459,2
461,0
462,1
464,0
465,0
466,3
467,0
468,1
471,0
472,0
473,0
474,1
475,0
476,1
477,0
478,0
479,2
480,1
481,0
482,0
484,0
485,0
486,0
487,2
488,0
489,1
490,1
491,0
492,0
494,1
496,0
497,0
498,3
499,0
502,0
504,0
508,0
509,1
511,2
512,0
513,0
515,0
517,1
518,2
519,0
520,1
521,0
522,1
523,0
524,2
525,0
526,2
527,1
528,0
529,1
531,0
533,3
534,0
535,3
539,3
544,0
545,0
546,1
549,0
552,3
558,1
559,0
560,2
561,2
562,2
563,2
564,1
566,0
567,3
568,3
569,0
572,1
573,1
575,0
576,2
578,3
582,0
583,3
584,0
585,2
586,0
587,1
588,2
589,0
590,3
591,2
592,0
593,2
594,2
595,0
596,3
597,1
598,2
599,2
600,0
601,0
602,3
603,0
604,0
605,0
606,0
607,0
609,0
611,2
612,0
613,2
614,0
615,1
616,3
617,1
618,1
619,0
620,0
621,3
622,3
623,3
624,1
625,2
626,0
627,0
629,1
630,1
632,3
633,3
634,0
635,3
637,3
638,3
639,1
640,0
642,1
643,0
644,1
645,1
646,2
647,0
648,1
649,0
650,0
651,2
653,1
655,0
657,1
658,1
662,1
664,1
665,0
666,0
667,0
668,1
669,3
670,0
671,0
672,2
673,1
674,0
675,0
676,0
677,0
678,1
679,2
680,1
681,0
682,0
684,3
686,2
687,1
688,3
689,2
691,1
692,2
693,2
694,2
695,0
696,0
697,2
698,2
699,2
700,3
702,0
703,2
704,3
705,0
707,0
708,2
709,2
710,3
711,1
712,2
713,2
715,2
716,2
717,1
719,1
721,0
722,3
723,3
724,2
725,0
726,2
727,0
728,1
729,1
730,0
731,0
732,0
733,0
734,2
735,2
736,0
738,2
739,1
740,2
741,2
742,3
743,1
744,0
745,1
746,0
747,0
748,3
749,3
750,0
751,0
752,1
753,3
754,0
755,2
758,2
760,0
761,0
762,0
763,1
764,0
765,2
766,0
767,0
768,0
769,0
770,1
771,3
772,2
773,0
774,0
775,1
776,1
777,0
778,1
779,0
782,0
783,3
784,2
786,2
787,0
788,2
789,1
790,3
791,1
793,2
794,0
795,1
796,2
797,1
798,1
799,0
800,1
801,0
803,0
804,0
805,0
806,0
808,2
810,1
811,3
812,0
813,1
814,1
815,0
817,0
819,1
821,0
822,0
823,2
824,1
825,0
826,1
827,3
828,3
829,3
830,1
831,0
832,3
833,2
834,3
835,0
836,3
837,0
838,0
839,3
840,0
841,2
842,0
843,3
844,3
845,3
846,0
847,0
848,0
849,3
850,2
851,1
852,0
853,2
854,1
855,1
857,1
858,3
859,0
860,3
861,0
862,1
863,3
864,0
865,2
866,2
867,1
869,3
870,2
873,0
874,0
876,2
877,0
878,0
879,1
880,3
881,1
882,0
883,1
885,2
886,0
887,0
888,2
889,0
891,0
892,2
893,2
894,0
895,0
896,3
897,3
898,0
900,2
901,3
902,2
903,1
904,3
905,3
906,0
907,0
908,0
909,1
910,0
913,1
914,0
915,1
916,2
917,3
919,3
921,0
922,0
923,0
924,0
925,2
926,2
927,3
928,3
929,0
930,2
931,0
932,0
933,2
934,0
935,0
936,2
937,2
938,2
939,0
940,2
941,2
942,0
943,0
944,0
945,2
946,3
947,1
948,3
949,1
950,1
951,1
952,2
953,1
954,1
955,2
956,0
957,2
958,3
959,1
960,0
963,3
964,1
965,3
967,0
968,2
970,2
971,1
972,0
973,0
974,3
975,0
976,1
977,0
978,1
979,3
980,0
981,2
982,0
983,1
984,1
985,1
987,3
988,1
989,0
991,1
992,3
993,3
994,1
996,2
997,1
998,1
999,0
1000,0
1001,0
1002,0
1003,0
1004,1
1005,1
1006,2
1007,2
1008,0
1009,0
1010,1
1011,2
1012,0
1013,2
1015,0
1016,2
1017,2
1019,0
1020,0
1021,0
1022,2
1023,3
1024,1
1025,0
1026,3
1028,0
1029,1
1030,2
1032,0
1033,1
1034,0
1035,3
1037,1
1038,1
1040,1
1041,1
1042,1
1043,1
1044,1
1045,3
1046,3
1047,1
1048,1
1049,0
1050,0
1051,0
1052,0
1053,3
1054,3
1055,1
1056,0
1057,3
1058,0
1059,0
1060,0
1062,3
1063,2
1064,1
1065,0
1066,0
1067,0
1068,3
1069,0
1071,1
1073,3
1074,3
1075,3
1076,2
1077,1
1078,2
1079,2
1080,1
1081,1
1082,0
1083,3
1084,1
1085,3
1086,3
1087,1
1089,2
1091,3
1092,3
1093,0
1094,0
1095,2
1096,3
1097,3
1098,1
1099,2
1100,3
1101,1
1102,0
1103,3
1104,3
1105,2
1107,2
1108,0
1109,2
1110,3
1111,2
1112,0
1113,0
1114,1
1115,3
1116,1
1117,2
1118,2
1119,0
1120,2
1121,3
1122,3
1123,3
1125,3
1126,0
1127,0
1129,3
1130,1
1131,0
1132,1
1133,3
1134,3
1135,1
1136,3
1137,2
1138,0
1139,2
1140,1
1141,1
1143,1
1144,2
1145,0
1146,1
1147,1
1148,0
1149,1
1150,3
1151,1
1152,2
1153,2
1154,0
1155,3
1156,1
1157,0
1158,0
1159,1
1160,3
1161,1
1162,1
1163,3
1164,3
1165,3
1166,0
1167,2
1169,2
1170,0
1171,2
1172,1
1173,3
1174,2
1175,0
1176,1
1177,1
1178,3
1179,2
1180,3
1181,3
1182,3
1183,3
1184,1
1185,3
1186,3
1187,1
1188,2
1189,0
1190,0
1191,2
1192,0
1193,3
1194,0
1195,0
1196,2
1197,2
1198,1
1199,0
1200,2
1201,0
1202,0
1203,1
1204,2
1205,0
1206,0
1208,2
1209,2
1210,2
1211,2
1212,2
1213,3
1214,3
1216,2
1217,3
1218,2
1219,3
1220,0
1221,0
1222,3
1223,2
1224,0
1225,0
1226,2
1227,0
1228,0
1229,1
1230,0
1231,2
1232,2
1233,2
1234,0
1235,3
1239,1
1241,1
1242,2
1243,1
1244,3
1245,3
1246,1
1247,0
1248,3
1249,0
1250,2
1251,0
1252,1
1253,3
1254,2
1255,3
1256,0
1257,1
1258,1
1259,1
1260,2
1261,2
1262,0
1263,2
1265,1
1266,0
1267,2
1268,2
1269,0
1270,2
1272,0
1274,1
1275,3
1276,3
1277,2
1278,3
1279,0
1280,2
1281,3
1282,2
1283,0
1285,0
1286,2
1287,1
1289,2
1290,1
1291,0
1292,0
1293,1
1294,2
1295,1
1296,2
1298,0
1299,0
1300,1
1304,1
1305,1
1306,3
1307,2
1308,0
1309,2
1310,0
1311,1
1312,2
1313,2
1315,0
1316,2
1317,0
1318,2
1319,3
1320,1
1321,3
1322,0
1323,1
1324,0
1325,3
1326,0
1327,3
1328,2
1329,0
1330,1
1331,1
1332,0
1333,2
1334,3
1335,1
1336,2
1338,3
1339,0
1340,2
1341,3
1342,2
1343,1
1344,1
1345,2
1346,2
1347,0
1348,2
1349,0
1350,2
1352,2
1353,1
1354,2
1355,2
1356,2
1357,0
1358,1
1359,2
1360,0
1361,0
1363,0
1364,2
1365,3
1366,1
1367,0
1368,2
1370,3
1371,0
1372,1
1373,1
1374,0
1375,2
1376,2
1377,2
1378,1
1379,2
1380,1
1381,0
1382,1
1383,2
1384,1
1386,2
1387,2
1388,1
1389,0
1390,1
1391,1
1392,0
1394,0
1395,1
1396,2
1397,1
1398,2
1399,3
1400,3
1401,1
1402,1
1403,0
1404,0
1405,2
1406,3
1407,3
1408,0
1409,1
1410,0
1411,0
1412,0
1413,0
1414,0
1415,0
1416,3
1417,0
1418,0
1420,0
1421,2
1422,2
1425,2
1426,2
1428,3
1429,3
1431,2
1432,3
1433,3
1434,2
1435,0
1436,1
1437,1
1440,2
1441,0
1442,0
1444,1
1445,0
1446,0
1447,2
1448,3
1449,0
1450,2
1451,0
1452,0
1453,3
1454,3
1455,0
1456,0
1457,3
1458,2
1459,0
1460,0
1461,1
1463,1
1464,0
1466,0
1467,3
1468,1
1469,3
1471,2
1474,1
1476,1
1477,0
1479,2
1480,1
1481,2
1482,0
1483,2
1484,1
1485,0
1486,1
1487,0
1488,3
1489,2
1490,3
1492,2
1493,0
1494,0
1495,0
1498,2
1501,0
1502,2
1503,0
1504,0
1505,0
1506,1
1508,3
1509,0
1513,2
1514,1
1518,2
1520,1
1521,0
1522,1
1523,0
1524,0
1525,2
1526,0
1527,0
1528,2
1529,2
1530,1
1532,3
1533,0
1534,2
1535,2
1536,0
1537,3
1538,2
1539,3
1541,2
1542,0
1543,0
1544,1
1545,0
1546,0
1547,1
1548,3
1549,0
1550,1
1551,0
1552,3
1553,2
1554,0
1555,2
1556,1
1557,1
1558,3
1560,2
1561,0
1562,0
1563,1
1564,1
1566,0
1567,2
1568,1
1569,1
1570,1
1571,0
1572,2
1573,3
1574,0
1577,0
1578,0
1581,2
1583,2
1584,1
1588,0
1590,3
1591,0
1592,2
1593,2
1594,3
1595,1
1598,0
1599,1
1600,0
1601,0
1602,0
1604,1
1605,1
1606,1
1607,3
1608,1
1610,1
1611,3
1613,0
1614,1
1616,0
1617,3
1618,0
1619,0
1620,1
1621,2
1622,0
1623,3
1624,3
1625,1
1626,2
1629,3
1630,0
1631,2
1632,2
1633,1
1634,0
1635,3
1636,0
1637,2
1638,1
1639,3
1640,0
1641,0
1642,2
1643,3
1644,2
1645,0
1646,0
1647,2
1648,0
1649,3
1650,0
1652,2
1653,0
1654,0
1656,0
1657,0
1658,1
1659,0
1660,0
1661,0
1662,2
1663,2
1664,3
1665,0
1666,0
1667,0
1668,3
1669,0
1670,1
1671,0
1672,0
1673,0
1674,0
1676,2
1677,1
1678,1
1679,3
1680,1
1681,3
1682,1
1684,0
1685,1
1686,3
1687,1
1688,1
1689,3
1690,1
1691,3
1692,0
1693,1
1694,3
1695,0
1696,1
1697,1
1698,3
1700,1
1701,0
1702,3
1703,3
1704,0
1705,0
1706,2
1708,3
1709,3
1710,1
1711,0
1712,1
1713,0
1714,0
1716,3
1717,2
1719,1
1721,2
1722,0
1723,1
1724,3
1725,1
1726,1
1727,3
1728,0
1729,1
1730,0
1732,0
1733,1
1735,1
1736,0
1738,1
1739,3
1740,1
1741,3
1742,3
1743,0
1744,3
1746,3
1748,3
1749,3
1750,1
1751,0
1752,3
1754,1
1755,0
1758,2
1760,3
1761,0
1762,1
1763,0
1764,3
1766,0
1767,2
1769,0
1770,0
1772,1
1773,0
1774,1
1775,0
1776,0
1779,2
1780,1
1781,0
1782,1
1784,3
1785,0
1787,3
1788,3
1789,3
1792,3
1794,0
1795,1
1796,2
1797,2
1799,0
1800,0
1802,2
1803,1
1804,2
1805,0
1806,2
1807,1
1808,3
1809,2
1810,0
1811,0
1812,1
1814,1
1815,2
1816,3
1817,2
1818,2
1819,1
1820,1
1821,1
1822,0
1824,1
1825,1
1827,3
1828,0
1829,0
1830,2
1833,0
1834,3
1836,0
1837,3
1838,1
1839,0
1840,3
1841,0
1842,0
1843,0
1844,0
1848,1
1849,2
1850,0
1851,1
1853,0
1855,0
1856,2
1857,0
1858,3
1859,1
1861,0
1862,0
1863,3
1865,0
1866,0
1867,0
1868,0
1870,1
1871,1
1872,3
1873,2
1874,1
1875,1
1876,3
1877,3
1881,0
1882,1
1883,0
1884,3
1885,0
1886,0
1887,2
1889,0
1890,2
1891,2
1892,2
1893,3
1894,3
1895,0
1896,0
1897,2
1898,1
1899,2
1900,0
1902,0
1903,0
1904,0
1905,2
1906,2
1907,3
1908,2
1909,0
1910,3
1911,3
1912,2
1913,0
1914,0
1915,0
1916,1
1917,0
1918,3
1920,1
1921,0
1922,2
1923,2
1924,0
1926,3
1927,3
1928,2
1929,1
1930,3
1931,1
1932,3
1934,0
1935,3
1937,0
1938,3
1940,0
1942,0
1943,3
1944,2
1945,2
1946,1
1947,0
1948,0
1949,0
1950,2
1951,0
1952,0
1953,0
1954,0
1955,2
1956,0
1957,1
1958,0
1959,2
1960,2
1961,2
1962,3
1963,0
1965,2
1966,1
1969,0
1970,2
1971,0
1973,0
1976,3
1977,0
1978,3
1979,1
1981,3
1983,0
1984,0
1986,3
1987,0
1988,0
1989,3
1991,0
1992,0
1993,3
1994,0
1995,2
1996,1
1997,0
1999,3
2000,0
2002,1
2003,0
2005,0
2006,2
2008,2
2011,1
2012,1
2014,0
2015,2
2016,2
2017,0
2020,2
2021,0
2022,3
2023,3
2024,0
2025,0
2027,2
2028,2
2030,1
2031,3
2036,2
2037,1
2038,0
2040,2
2042,1
2043,2
2044,1
2045,0
2046,2
2047,2
2048,3
2049,2
2050,0
2051,0
2052,0
2053,2
2054,1
2055,0
2056,2
2057,0
2058,0
2059,3
2060,0
2061,0
2062,2
2064,1
2065,0
2066,0
2067,0
2069,2
2070,0
2071,2
2072,0
2074,0
2076,2
2077,3
2078,0
2079,2
2082,0
2083,0
2084,0
2085,0
2086,0
2087,1
2088,1
2089,3
2090,0
2091,2
2093,0
2095,2
2096,2
2097,0
2098,2
2099,3
2100,2
2102,1
2103,0
2106,2
2108,1
2109,0
2114,0
2115,2
2116,0
2117,2
2118,2
2119,2
2120,1
2121,0
2122,0
2123,0
2124,2
2125,0
2126,2
2127,1
2128,2
2130,0
2131,1
2132,0
2133,1
2134,0
2135,2
2136,0
2137,0
2138,0
2139,2
2140,3
2141,1
2142,3
2143,1
2144,0
2145,2
2146,2
2147,0
2148,0
2149,0
2150,0
2151,2
2152,0
2153,0
2154,0
2155,0
2156,3
2157,2
2158,0
2159,0
2160,2
2161,0
2162,2
2163,2
2164,2
2165,3
2166,0
2167,1
2168,0
2169,0
2170,0
2171,0
2172,0
2173,2
2174,1
2175,1
2176,0
2177,0
2178,0
2179,0
2180,0
2181,0
2182,2
2183,0
2184,0
2185,2
2186,2
2187,3
2188,2
2189,0
2190,3
2191,2
2193,0
2194,1
2195,0
2196,1
2197,0
2198,2
2199,0
2200,1
2202,1
2203,0
2204,0
2205,0
2206,2
2207,1
2208,0
2209,0
2211,0
2212,0
2213,0
2214,2
2215,1
2216,3
2217,1
2218,0
2220,0
2221,0
2222,0
2223,1
2225,0
2226,2
2227,1
2228,1
2229,0
2230,1
2232,0
2234,3
2235,2
2236,1
2238,0
2239,0
2240,2
2242,1
2243,2
2244,2
2245,0
2246,2
2247,0
2248,2
2249,0
2250,2
2251,0
2253,0
2254,1
2255,1
2256,0
2257,3
2258,0
2259,0
2260,0
2261,3
2262,0
2263,0
2264,0
2265,0
2266,1
2267,0
2268,0
2269,0
2270,0
2271,3
2272,3
2273,2
2275,0
2276,2
2277,0
2278,1
2279,0
2280,0
2282,0
2283,0
2284,1
2285,1
2286,0
2288,0
2289,0
2290,0
2291,0
2293,0
2294,0
2295,0
2296,0
2297,0
2298,2
2299,1
2300,2
2302,1
2304,0
2305,0
2306,1
2307,3
2308,1
2309,2
2310,0
2311,1
2312,2
2313,0
2314,2
2315,2
2316,3
2317,3
2318,2
2319,0
2320,3
2321,0
2322,2
2323,3
2324,3
2325,3
2326,0
2327,2
2328,3
2329,3
2330,3
2331,0
2332,3
2334,0
2335,1
2337,0
2338,2
2340,1
2342,1
2343,0
2344,3
2345,0
2347,2
2348,0
2349,0
2351,3
2353,0
2354,0
2355,0
2357,0
2358,2
2359,3
2360,0
2361,2
2362,0
2364,2
2365,0
2366,0
2367,2
2368,2
2369,3
2370,2
2371,2
2372,1
2373,2
2374,0
2375,1
2377,2
2378,3
2379,0
2381,0
2382,0
2383,2
2385,2
2387,0
2388,2
2389,2
2390,2
2391,1
2392,2
2393,1
2394,1
2396,0
2397,2
2398,1
2399,3
2400,0
2402,0
2403,3
2404,1
2405,0
2406,0
2407,1
2409,0
2410,1
2411,0
2412,0
2413,2
2414,0
2416,2
2417,1
2418,2
2419,1
2420,3
2421,1
2422,0
2423,1
2424,0
2425,0
2426,0
2427,3
2428,3
2429,2
2430,0
2431,3
2433,2
2435,0
2436,0
2437,2
2438,0
2440,0
2441,0
2442,2
2443,0
2444,0
2445,0
2446,1
2447,3
2448,0
2449,2
2450,0
2451,0
2452,2
2454,1
2455,0
2456,0
2457,0
2458,0
2459,2
2460,0
2461,1
2463,2
2464,0
2465,0
2466,3
2467,0
2468,2
2469,1
2471,3
2472,0
2473,3
2474,2
2475,2
2476,0
2477,3
2478,2
2479,0
2480,2
2481,1
2483,2
2484,0
2485,2
2486,0
2489,0
2490,2
2491,0
2492,0
2493,3
2494,0
2495,0
2496,2
2497,2
2498,2
2499,2
2500,0
2501,0
2502,0
2503,0
2504,2
2505,0
2506,3
2507,1
2509,1
2510,0
2511,0
2512,3
2514,0
2515,0
2516,2
2517,2
2518,1
2519,2
2520,1
2522,2
2523,0
2524,2
2526,1
2527,2
2528,1
2529,0
2530,1
2531,2
2532,1
2533,2
2534,0
2535,3
2536,0
2537,0
2538,0
2539,0
2540,1
2541,2
2542,1
2543,1
2544,0
2545,2
2546,2
2547,0
2548,2
2549,3
2550,0
2551,2
2553,0
2554,3
2555,2
2556,0
2557,3
2558,3
2559,2
2560,3
2561,3
2562,0
2563,3
2564,0
2565,2
2566,3
2567,2
2568,3
2569,0
2570,0
2571,0
2572,0
2573,1
2574,0
2575,1
2576,1
2577,0
2578,3
2579,0
2580,0
2581,2
2582,0
2583,1
2584,0
2585,0
2586,2
2587,0
2589,0
2590,1
2591,3
2593,0
2594,1
2595,2
2598,0
2599,0
2600,1
2602,2
2603,0
2605,0
2606,2
2607,2
2608,0
2609,0
2610,3
2612,0
2613,0
2614,0
2616,2
2617,1
2618,3
2620,2
2621,2
2622,1
2623,2
2624,1
2625,2
2626,0
2627,0
2628,2
2630,0
2631,0
2632,0
2633,0
2634,0
2635,0
2636,0
2637,1
2638,0
2639,3
2640,0
2641,0
2642,0
2643,1
2644,3
2645,0
2646,0
2647,1
2648,0
2649,1
2650,0
2651,3
2652,1
2653,1
2654,0
2655,0
2656,0
2657,2
2658,1
2659,0
2660,2
2661,1
2663,1
2664,2
2666,0
2667,1
2668,0
2669,0
2670,0
2671,0
2672,0
2673,0
2675,2
2676,0
2677,1
2678,0
2680,2
2681,0
2683,0
2684,2
2685,1
2686,0
2687,0
2688,1
2689,0
2690,3
2691,2
2692,3
2694,2
2695,0
2696,1
2697,0
2698,3
2699,1
2700,0
2701,0
2702,0
2703,1
2704,0
2705,1
2706,0
2707,3
2708,2
2709,0
2710,3
2711,0
2712,0
2713,0
2714,3
2715,2
2716,0
2717,0
2718,0
2719,1
2720,1
2721,0
2724,0
2725,1
2728,1
2729,2
2732,0
2733,2
2734,3
2735,3
2736,2
2737,2
2738,0
2739,0
2740,3
2741,0
2742,2
2744,0
2745,0
2746,0
2747,0
2748,1
2749,0
2751,1
2752,2
2753,0
2754,0
2755,0
2756,1
2757,0
2759,0
2761,0
2762,2
2764,2
2765,0
2766,1
2767,2
2768,3
2769,0
2770,3
2771,1
2772,1
2773,0
2774,1
2775,2
2776,0
2777,0
2778,0
2779,1
2780,0
2781,0
2782,0
2783,2
2784,2
2785,1
2786,0
2788,0
2789,1
2790,0
2791,1
2792,2
2794,2
2795,0
2797,1
2799,3
2800,0
2801,1
2802,0
2803,1
2804,3
2805,0
2807,0
2809,0
2810,3
2812,2
2814,2
2815,0
2816,0
2817,2
2820,0
2821,0
2822,0
2823,2
2824,1
2825,3
2826,0
2827,3
2828,1
2829,0
2830,1
2831,3
2833,0
2834,0
2835,2
2836,1
2837,0
2838,1
2839,0
2840,1
2841,0
2842,0
2844,0
2845,1
2846,0
2847,2
2849,3
2850,1
2851,1
2852,0
2853,3
2854,0
2855,2
2856,1
2857,3
2859,1
2861,0
2862,2
2863,3
2864,0
2865,0
2866,3
2867,0
2868,0
2869,2
2870,3
2871,1
2872,1
2873,3
2874,2
2877,3
2878,3
2879,1
2880,1
2881,0
2882,0
2884,2
2885,2
2886,0
2887,2
2889,1
2890,0
2891,2
2892,3
2893,0
2894,0
2895,0
2896,2
2897,2
2898,1
2899,0
2900,3
2901,0
2902,0
2903,1
2904,0
2905,1
2906,1
2907,3
2908,1
2909,1
2910,1
2911,2
2912,0
2913,2
2914,2
2915,0
2916,0
2917,2
2918,3
2919,1
2920,0
2921,0
2922,0
2923,3
2924,2
2925,0
2926,0
2927,3
2928,3
2930,3
2931,1
2932,0
2933,2
2934,1
2935,1
2936,2
2937,2
2938,1
2939,3
2940,1
2941,1
2942,2
2943,1
2945,0
2946,0
2947,2
2948,2
2949,2
2950,0
2951,2
2952,2
2953,0
2954,1
2955,0
2956,0
2957,3
2958,1
2959,3
2960,1
2961,2
2962,2
2963,1
2964,3
2965,2
2966,0
2967,1
2968,1
2970,0
2972,1
2973,0
2974,2
2975,0
2976,0
2977,0
2978,0
2979,0
2981,3
2982,0
2983,1
2984,2
2985,0
2986,1
2987,3
2989,0
2990,3
2991,1
2992,2
2993,1
2994,3
2995,0
2996,0
2997,0
2998,3
2999,0
3000,1
3001,3
3003,0
3004,2
3005,0
3006,3
3007,0
3008,0
3009,2
3010,1
3011,2
3012,1
3014,2
3015,2
3016,3
3017,2
3018,1
3019,1
3021,3
3022,0
3024,2
3025,0
3027,3
3028,0
3029,1
3030,0
3031,3
3032,2
3033,0
3035,3
3036,1
3037,1
3038,2
3039,0
3040,2
3041,2
3042,0
3043,0
3044,0
3045,2
3046,3
3047,0
3048,3
3049,2
3050,0
3051,3
3052,0
3053,2
3054,2
3055,0
3057,3
3058,0
3060,2
3061,2
3062,0
3063,1
3064,3
3065,0
3066,0
3069,0
3071,1
3072,0
3073,1
3074,3
3075,0
3076,0
3077,3
3078,0
3079,0
3081,2
3082,3
3083,0
3084,1
3085,3
3086,3
3087,1
3088,3
3090,2
3091,1
3092,0
3093,0
3094,0
3095,3
3096,3
3097,2
3098,1
3099,2
3100,2
3101,2
3102,0
3103,0
3104,2
3105,0
3106,1
3107,0
3108,2
3109,2
3110,1
3111,1
3112,1
3113,3
3114,1
3115,0
3116,2
3117,2
3118,3
3119,1
3121,1
3122,2
3123,3
3124,0
3125,3
3126,0
3127,3
3128,2
3129,2
3130,2
3131,1
3132,0
3133,2
3134,3
3135,1
3136,0
3139,0
3140,0
3141,3
3142,0
3143,2
3144,0
3145,1
3146,0
3147,3
3148,2
3149,1
3150,2
3151,2
3152,0
3153,0
3154,1
3155,1
3157,3
3159,0
3160,0
3161,0
3162,0
3163,2
3165,2
3166,1
3167,0
3168,2
3169,2
3170,0
3171,0
3172,1
3173,2
3174,3
3175,0
3176,1
3177,0
3178,3
3179,2
3180,1
3181,1
3184,0
3185,1
3186,3
3187,1
3188,3
3190,1
3191,1
3192,0
3193,3
3194,2
3195,3
3196,2
3197,0
3198,1
3200,0
3202,1
3204,3
3205,1
3206,1
3207,1
3208,0
3210,2
3211,0
3212,1
3213,0
3214,0
3215,0
3216,2
3217,2
3218,1
3219,2
3220,1
3221,0
3222,1
3223,3
3224,2
3226,3
3227,2
3228,1
3229,2
3230,0
3231,3
3232,0
3233,2
3234,1
3235,0
3236,3
3237,3
3238,0
3239,3
3240,1
3242,2
3243,2
3244,0
3245,3
3246,2
3247,3
3248,3
3249,3
3250,1
3251,0
3252,0
3253,3
3254,0
3256,2
3257,0
3258,0
3259,2
3260,1
3261,1
3262,2
3263,2
3264,0
3265,1
3266,3
3267,0
3268,2
3269,0
3270,0
3272,0
3273,1
3274,2
3275,3
3277,0
3278,0
3280,2
3281,0
3282,3
3283,1
3284,3
3285,1
3286,0
3287,2
3288,0
3289,3
3290,3
3291,0
3292,3
3294,0
3295,0
3296,0
3300,0
3301,0
3302,2
3303,1
3305,3
3306,0
3307,0
3308,2
3309,3
3310,0
3311,0
3312,2
3314,0
3315,2
3316,3
3317,1
3318,2
3319,0
3320,2
3321,0
3322,0
3323,0
3324,1
3325,2
3327,0
3328,0
3329,0
3330,0
3331,0
3332,2
3333,3
3334,0
3335,3
3336,3
3337,3
3338,2
3339,0
3340,0
3341,0
3342,1
3343,2
3344,2
3346,3
3348,2
3349,0
3350,2
3351,1
3352,3
3354,1
3355,0
3357,0
3359,0
3360,3
3362,2
3363,0
3365,2
3366,0
3367,0
3370,0
3371,0
3372,2
3373,0
3374,0
3375,0
3376,2
3377,1
3379,0
3380,3
3381,0
3382,0
3383,0
3384,1
3386,1
3387,0
3388,2
3389,0
3391,2
3392,3
3393,0
3394,0
3395,0
3396,3
3397,2
3398,2
3399,1
3400,0
3401,1
3402,3
3403,0
3404,0
3405,2
3406,0
3407,0
3408,2
3409,2
3411,0
3412,1
3413,1
3414,1
3415,2
3416,3
3417,0
3418,0
3419,0
3420,0
3421,3
3422,0
3423,2
3424,3
3425,2
3426,3
3427,0
3428,3
3429,0
3430,0
3431,0
3432,1
3433,1
3434,1
3435,0
3436,2
3437,2
3438,3
3439,0
3440,3
3441,2
3442,1
3443,3
3444,0
3445,1
3447,2
3448,0
3449,1
3450,0
3451,1
3454,0
3455,3
3456,3
3457,0
3458,0
3459,0
3460,3
3462,0
3463,2
3464,0
3465,3
3468,0
3469,0
3470,3
3473,1
3474,3
3475,0
3476,0
3477,3
3478,2
3479,1
3480,2
3481,2
3482,1
3484,0
3485,2
3486,0
3487,2
3489,0
3490,1
3492,0
3494,2
3495,2
3496,1
3497,3
3498,0
3500,0
3501,3
3502,2
3503,1
3504,0
3505,1
3506,0
3507,0
3508,1
3509,0
3511,2
3512,0
3513,2
3514,0
3515,0
3516,0
3517,1
3518,2
3519,1
3520,0
3521,0
3522,0
3523,1
3524,2
3525,0
3526,2
3527,3
3528,2
3529,1
3530,0
3531,0
3532,2
3534,3
3535,1
3536,0
3537,3
3538,2
3539,0
3540,0
3542,3
3543,0
3544,0
3545,0
3546,1
3547,3
3548,0
3549,0
3550,1
3551,0
3552,0
3553,3
3554,0
3555,3
3558,3
3559,3
3561,2
3562,0
3563,3
3564,3
3565,1
3566,1
3567,1
3568,1
3569,2
3570,2
3571,1
3572,2
3573,1
3574,3
3575,2
3577,3
3578,0
3579,1
3580,2
3581,2
3583,1
3584,1
3585,1
3587,3
3588,1
3589,2
3591,1
3594,3
3595,0
3598,3
3599,3
3600,3
3601,1
3602,1
3603,1
3605,1
3606,2
3607,2
3608,3
3609,3
3610,2
3611,1
3612,3
3614,1
3615,0
3616,2
3617,0
3618,2
3619,1
3620,3
3621,0
3622,2
3623,0
3624,0
3625,2
3627,0
3628,2
3629,3
3630,2
3631,3
3632,0
3634,0
3636,3
3637,0
3638,2
3639,3
3640,2
3641,0
3642,2
3643,2
3644,3
3645,0
3646,2
3647,0
3648,3
3650,0
3651,2
3652,0
3653,1
3654,3
3655,1
3656,1
3657,0
3658,1
3659,2
3660,0
3661,3
3662,3
3663,1
3664,2
3665,0
3666,2
3667,3
3668,3
3669,3
3670,1
3671,0
3672,0
3673,0
3674,3
3675,1
3676,1
3677,1
3678,3
3680,3
3681,2
3683,2
3684,2
3687,0
3688,1
3689,1
3690,2
3691,3
3692,0
3693,0
3694,2
3695,0
3696,2
3697,0
3698,2
3699,1
3700,2
3701,1
3702,0
3703,1
3704,1
3705,2
3706,0
3707,1
3709,0
3710,1
3711,1
3713,1
3714,1
3715,0
3716,0
3717,0
3718,0
3719,1
3720,0
3722,0
3723,2
3724,3
3726,2
3727,1
3728,3
3729,1
3730,0
3731,0
3732,2
3733,3
3734,1
3735,1
3737,1
3738,1
3739,0
3740,3
3741,0
3742,0
3743,0
3744,2
3745,1
3746,1
3747,0
3748,0
3749,0
3750,3
3751,1
3752,2
3753,0
3754,0
3755,3
3756,2
3757,2
3758,0
3759,2
3760,3
3762,1
3764,1
3765,2
3766,2
3767,0
3768,1
3770,1
3771,3
3773,0
3774,3
3775,3
3777,2
3778,1
3779,1
3782,3
3783,1
3784,3
3785,3
3786,3
3789,1
3790,2
3791,3
3792,1
3793,1
3794,0
3796,0
3797,0
3798,1
3799,3
3800,0
3801,1
3802,0
3803,0
3804,0
3805,1
3806,3
3807,1
3808,0
3809,0
3810,0
3811,3
3813,0
3814,0
3816,0
3817,0
3818,2
3819,1
3820,3
3822,0
3824,0
3825,0
3826,3
3827,3
3828,3
3829,0
3830,1
3832,0
3834,3
3835,3
3837,0
3839,2
3841,3
3843,0
3844,3
3845,1
3847,3
3848,0
3849,0
3850,0
3851,2
3852,0
3853,0
3854,2
3856,0
3857,0
3858,1
3859,1
3860,3
3861,1
3862,0
3863,1
3864,0
3865,3
3866,3
3867,1
3868,3
3869,3
3870,0
3871,3
3872,0
3873,0
3874,0
3875,0
3876,1
3877,0
3878,1
3880,2
3881,1
3882,0
3884,3
3885,0
3886,3
3887,3
3889,0
3890,1
3892,0
3893,1
3894,2
3895,1
3896,2
3897,0
3898,2
3899,2
3900,2
3901,2
3902,1
3904,3
3905,1
3906,3
3907,0
3908,3
3909,1
3910,3
3911,0
3912,0
3913,0
3914,1
3915,1
3916,3
3917,3
3918,2
3919,1
3920,3
3921,1
3922,3
3923,1
3924,0
3925,1
3926,0
3927,1
3928,1
3929,1
3930,0
3931,0
3932,0
3933,0
3934,2
3935,2
3936,1
3937,0
3938,0
3939,2
3940,2
3941,0
3942,1
3943,0
3945,0
3946,3
3947,0
3948,0
3949,1
3950,0
3951,3
3952,2
3953,2
3954,0
3955,3
3957,0
3958,0
3959,0
3960,1
3961,2
3962,2
3963,2
3964,0
3965,0
3966,1
3967,0
3970,0
3971,3
3972,0
3973,2
3974,0
3976,3
3977,1
3978,3
3979,0
3980,1
3981,0
3982,0
3983,0
3984,3
3985,3
3986,0
3987,0
3988,0
3989,1
3990,1
3993,3
3995,0
3996,0
3998,2
3999,1
4000,3
4001,0
4002,3
4003,1
4004,2
4006,0
4007,3
4008,3
4009,1
4010,0
4011,0
4012,3
4013,2
4014,3
4015,2
4016,0
4017,2
4018,0
4019,3
4020,0
4021,0
4022,2
4023,0
4024,2
4025,2
4026,1
4027,0
4028,3
4029,3
4031,0
4032,0
4033,1
4034,3
4037,3
4038,2
4039,3
4041,1
4042,0
4043,3
4044,0
4046,1
4047,3
4049,0
4050,3
4051,3
4053,1
4054,3
4056,3
4057,3
4058,2
4059,3
4060,3
4061,3
4062,2
4063,1
4064,1
4065,1
4066,2
4067,2
4068,0
4069,0
4070,0
4071,1
4072,3
4074,3
4075,0
4077,1
4078,0
4079,0
4080,1
4081,2
4082,1
4083,3
4084,3
4085,2
4086,2
4087,2
4088,3
4089,0
4090,3
4091,1
4092,3
4094,1
4096,0
4097,2
4098,0
4099,3
4100,0
4101,3
4102,3
4103,1
4104,1
4105,2
4106,1
4107,2
4108,3
4110,0
4111,2
4112,1
4113,0
4115,2
4116,0
4117,0
4118,3
4119,1
4120,2
4121,0
4122,3
4123,1
4124,3
4125,3
4126,1
4127,1
4128,1
4129,1
4130,0
4131,3
4132,0
4133,1
4134,2
4135,3
4136,1
4137,0
4139,0
4140,3
4141,1
4142,0
4143,0
4144,3
4145,2
4146,1
4147,3
4148,0
4150,2
4151,0
4152,2
4153,2
4154,0
4155,1
4156,1
4157,2
4158,1
4159,1
4160,2
4161,2
4162,1
4163,0
4164,3
4165,3
4166,2
4167,3
4168,2
4169,1
4170,1
4171,3
4172,1
4173,0
4174,3
4175,0
4176,2
4177,3
4178,3
4179,0
4180,0
4181,2
4182,1
4183,0
4184,1
4186,1
4187,0
4189,0
4190,3
4192,0
4193,0
4194,3
4195,0
4196,3
4197,0
4198,0
4200,0
4201,0
4202,3
4206,3
4207,3
4208,3
4209,3
4210,0
4211,0
4212,2
4213,0
4214,0
4215,0
4216,2
4217,1
4218,1
4219,2
4221,3
4222,2
4223,2
4224,3
4225,2
4226,3
4227,0
4228,0
4229,2
4230,0
4232,2
4233,2
4234,0
4235,3
4236,1
4237,1
4240,1
4241,2
4242,0
4243,2
4245,2
4246,1
4247,1
4248,1
4249,0
4250,3
4252,2
4254,2
4255,1
4256,0
4258,1
4259,3
4260,0
4261,3
4262,0
4263,0
4264,3
4265,1
4266,0
4267,1
4268,3
4270,1
4271,3
4272,0
4273,2
4274,3
4275,0
4276,2
4277,1
4278,2
4279,0
4280,2
4281,1
4282,1
4283,1
4284,0
4285,2
4286,0
4287,2
4288,2
4289,3
4290,0
4291,1
4292,0
4293,1
4294,2
4295,0
4296,2
4297,1
4298,3
4299,1
4301,1
4302,0
4303,0
4304,2
4305,3
4306,0
4307,2
4308,1
4310,1
4311,2
4313,0
4314,0
4316,1
4317,2
4318,1
4319,3
4320,3
4321,0
4322,1
4323,2
4324,3
4325,3
4327,0
4329,0
4331,0
4332,0
4333,1
4335,0
4336,3
4337,2
4338,3
4339,0
4340,2
4341,0
4342,3
4343,0
4345,1
4346,2
4347,1
4348,0
4351,0
4352,3
4353,0
4354,1
4356,0
4357,3
4358,0
4359,2
4360,1
4361,1
4362,1
4363,1
4364,1
4365,1
4366,0
4367,1
4368,0
4369,1
4371,2
4372,3
4373,1
4374,1
4375,0
4376,0
4377,0
4378,2
4379,0
4380,0
4381,0
4384,3
4385,3
4387,1
4388,2
4389,0
4390,1
4391,0
4393,2
4394,0
4397,2
4398,1
4399,3
4402,1
4405,1
4406,3
4407,1
4408,0
4410,2
4411,2
4412,0
4413,3
4414,1
4415,2
4416,1
4417,0
4418,1
4419,0
4421,3
4422,2
4424,2
4426,0
4427,3
4428,1
4429,0
4430,0
4433,0
4434,3
4435,3
4436,1
4438,2
4439,1
4440,0
4441,1
4442,2
4444,1
4445,1
4446,1
4447,3
4448,1
4449,1
4450,2
4451,0
4452,2
4453,3
4455,3
4458,1
4461,2
4462,0
4463,0
4464,1
4465,2
4466,2
4467,0
4468,0
4469,1
4470,3
4471,0
4472,0
4473,2
4474,1
4475,2
4476,1
4478,3
4480,3
4481,0
4482,2
4483,1
4484,3
4485,1
4486,1
4487,3
4488,0
4489,1
4490,3
4491,2
4492,3
4493,0
4495,0
4496,3
4497,0
4498,2
4499,1
4501,0
4502,2
4503,2
4504,0
4505,2
4506,2
4507,0
4508,1
4510,1
4511,3
4512,1
4513,2
4515,1
4516,0
4517,1
4518,1
4519,1
4520,1
4521,3
4523,1
4524,0
4525,1
4526,1
4527,1
4528,3
4529,0
4530,3
4531,2
4533,0
4534,1
4535,3
4536,1
4537,0
4538,0
4539,1
4540,3
4541,2
4542,0
4544,3
4545,3
4547,0
4548,1
4549,1
4550,2
4551,1
4552,1
4555,1
4556,2
4557,0
4560,1
4561,2
4565,1
4566,0
4567,1
4569,0
4570,1
4571,2
4572,0
4573,0
4574,0
4575,0
4576,1
4577,0
4578,0
4579,3
4580,2
4581,2
4582,3
4584,1
4585,1
4586,2
4587,0
4588,2
4589,0
4591,0
4592,2
4593,2
4594,1
4595,0
4597,1
4598,1
4599,0
4602,0
4603,1
4604,0
4606,2
4607,0
4608,1
4609,0
4611,1
4613,0
4615,2
4616,3
4617,0
4618,1
4619,0
4620,1
4621,1
4622,0
4623,2
4624,3
4625,0
4627,3
4628,0
4629,2
4631,0
4632,2
4633,0
4634,0
4635,2
4636,0
4637,1
4638,0
4639,2
4640,1
4642,1
4643,1
4644,2
4645,0
4646,0
4647,3
4648,2
4649,0
4650,3
4651,0
4652,3
4653,3
4654,0
4655,0
4656,0
4657,2
4658,3
4659,3
4660,0
4662,0
4663,3
4664,1
4665,2
4666,3
4667,1
4669,0
4670,0
4671,0
4672,0
4673,0
4674,3
4675,1
4676,3
4677,3
4678,0
4679,0
4680,1
4681,0
4682,3
4683,0
4684,1
4685,3
4686,3
4687,1
4688,2
4689,0
4691,2
4693,0
4694,3
4695,1
4696,0
4697,3
4698,1
4699,2
4701,0
4703,3
4704,2
4705,1
4706,1
4708,2
4709,3
4710,1
4711,0
4712,3
4713,3
4714,1
4715,1
4716,3
4717,0
4718,0
4719,3
4720,0
4721,2
4722,1
4723,1
4724,0
4725,1
4726,0
4727,2
4728,0
4729,3
4730,2
4731,2
4732,3
4733,2
4734,3
4735,2
4736,0
4737,2
4738,0
4739,1
4740,3
4741,0
4742,3
4743,3
4744,2
4745,3
4746,2
4747,0
4748,3
4749,0
4751,0
4752,0
4753,2
4754,0
4755,2
4756,3
4757,1
4759,3
4761,0
4762,2
4763,2
4765,1
4767,3
4770,1
4771,3
4772,1
4773,0
4774,1
4775,1
4776,0
4777,2
4778,0
4780,0
4783,1
4784,0
4785,1
4786,0
4787,0
4788,0
4790,2
4793,1
4794,1
4795,0
4798,1
4800,0
4801,0
4802,0
4803,0
4804,0
4805,0
4806,2
4807,0
4809,0
4810,1
4811,3
4812,1
4814,0
4815,1
4817,3
4822,2
4823,1
4824,0
4826,0
4827,0
4829,3
4830,3
4831,0
4832,0
4833,0
4834,0
4835,0
4836,3
4837,2
4838,2
4840,3
4841,0
4842,0
4843,1
4844,0
4845,0
4847,3
4848,0
4849,3
4850,3
4851,2
4852,1
4853,3
4854,1
4855,0
4856,1
4857,0
4858,2
4859,0
4860,1
4861,2
4862,0
4863,2
4864,0
4865,3
4866,0
4867,0
4868,0
4869,1
4870,2
4871,3
4873,2
4874,0
4875,0
4876,3
4877,0
4879,2
4880,0
4882,3
4883,1
4884,2
4885,0
4886,0
4887,1
4888,2
4889,3
4890,2
4891,3
4892,2
4893,3
4894,2
4895,2
4897,1
4898,2
4899,1
4900,2
4901,2
4902,2
4903,2
4904,0
4905,3
4906,3
4907,1
4908,0
4909,1
4910,0
4911,0
4912,0
4914,1
4915,0
4916,3
4917,3
4918,2
4919,0
4920,2
4921,3
4922,2
4923,0
4924,3
4925,0
4926,0
4927,3
4928,0
4930,0
4931,1
4932,0
4933,0
4935,3
4936,2
4937,3
4938,1
4939,3
4940,1
4942,3
4944,3
4945,2
4946,1
4947,0
4948,1
4949,3
4951,0
4952,1
4953,0
4954,3
4955,3
4956,2
4958,3
4959,1
4960,0
4961,1
4962,2
4964,1
4965,0
4966,0
4968,1
4969,1
4970,2
4971,3
4972,2
4973,1
4974,2
4975,0
4976,1
4977,2
4978,2
4979,3
4980,1
4981,3
4982,0
4983,0
4984,1
4985,0
4986,1
4987,2
4988,0
4989,2
4990,1
4991,2
4992,2
4993,3
4994,0
4995,0
4996,0
4997,0
4999,1
5000,3
5004,3
5005,1
5007,3
5008,0
5010,3
5012,3
5014,2
5017,0
5018,2
5021,0
5022,1
5023,2
5025,0
5026,0
5028,1
5029,1
5030,2
5031,0
5032,3
5033,1
5034,0
5035,0
5036,0
5038,1
5039,3
5040,1
5041,1
5042,0
5043,2
5045,2
5046,1
5047,0
5049,1
5050,1
5051,3
5052,1
5053,0
5055,3
5056,2
5057,3
5058,0
5060,1
5061,2
5062,1
5063,0
5064,1
5065,3
5066,1
5067,0
5072,2
5079,1
5082,0
5083,2
5084,1
5086,0
5087,2
5089,0
5090,1
5094,0
5095,1
5096,1
5098,0
5099,2
5100,0
5101,2
5102,1
5105,0
5106,0
5109,1
5110,3
5111,0
5113,0
5114,2
5115,1
5116,3
5117,0
5118,1
5119,0
5120,0
5121,3
5122,0
5125,0
5126,2
5127,0
5128,0
5129,2
5130,0
5131,2
5132,1
5134,1
5136,3
5138,1
5139,1
5140,1
5141,1
5143,0
5144,0
5145,3
5146,2
5147,2
5148,0
5149,1
5150,3
5151,0
5152,0
5153,0
5154,1
5155,0
5156,3
5159,3
5160,3
5161,0
5162,0
5163,0
5165,1
5166,0
5167,3
5169,0
5170,0
5171,1
5172,2
5174,1
5175,0
5176,2
5177,0
5179,0
5180,3
5181,1
5182,3
5183,1
5184,1
5185,0
5186,3
5187,1
5188,0
5189,1
5191,1
5192,3
5193,1
5195,0
5196,0
5197,0
5198,2
5200,0
5201,3
5202,0
5203,2
5204,1
5205,2
5206,0
5207,0
5208,0
5209,3
5210,1
5211,0
5212,1
5213,0
5214,1
5215,0
5216,2
5217,0
5218,1
5219,2
5221,0
5222,3
5223,3
5224,3
5225,2
5226,3
5227,3
5228,1
5229,3
5230,2
5232,2
5233,0
5235,1
5236,0
5237,1
5238,0
5239,2
5240,0
5241,0
5242,0
5243,3
5244,1
5245,0
5246,1
5247,3
5248,0
5249,0
5250,1
5251,2
5252,3
5253,1
5254,1
5256,0
5257,1
5258,3
5259,1
5260,3
5261,1
5262,2
5263,0
5264,0
5265,1
5266,3
5267,2
5268,0
5270,0
5273,1
5277,0
5278,0
5280,2
5287,0
5288,2
5290,0
5292,0
5293,2
5295,1
5297,2
5300,2
5303,0
5304,0
5305,2
5306,0
5307,1
5308,0
5309,0
5310,2
5311,1
5312,0
5313,2
5314,0
5315,2
5316,1
5317,3
5318,2
5319,2
5320,3
5323,0
5325,0
5326,2
5327,2
5328,0
5329,3
5331,2
5332,3
5333,0
5336,1
5339,0
5340,1
5341,0
5342,1
5343,1
5344,2
5347,1
5348,1
5349,2
5350,2
5351,3
5353,0
5355,2
5357,0
5358,1
5360,0
5361,0
5362,0
5365,0
5366,1
5367,0
5372,0
5373,1
5375,2
5376,0
5377,0
5380,0
5381,1
5383,2
5384,2
5389,0
5391,0
5392,2
5393,0
5394,0
5398,0
5400,2
5401,0
5403,0
5404,1
5405,0
5406,0
5407,0
5410,0
5413,2
5414,1
5415,1
5416,0
5417,0
5418,0
5420,2
5421,0
5422,1
5423,2
5424,0
5425,2
5429,1
5430,0
5433,1
5434,0
5435,0
5438,0
5439,1
5440,2
5441,1
5443,1
5449,1
5451,0
5454,0
5455,0
5456,0
5457,1
5459,3
5460,0
5461,3
5462,0
5463,0
5465,2
5466,2
5467,3
5468,2
5469,1
5470,2
5471,1
5474,2
5475,0
5476,1
5478,0
5479,0
5480,3
5481,0
5484,2
5485,1
5486,3
5487,3
5488,1
5489,0
5490,1
5491,1
5492,0
5493,0
5494,2
5495,0
5498,1
5499,1
5500,0
5501,0
5502,1
5503,1
5504,1
5505,0
5506,2
5507,0
5508,3
5511,1
5512,0
5513,0
5515,3
5518,1
5519,1
5520,0
5521,1
5522,3
5523,1
5525,1
5526,1
5527,1
5528,1
5529,2
5530,1
5531,3
5532,1
5533,0
5535,0
5536,1
5537,1
5538,3
5539,1
5540,1
5541,0
5542,3
5543,0
5544,2
5545,3
5546,0
5547,0
5548,1
5549,1
5550,2
5551,1
5552,3
5553,2
5554,1
5555,0
5556,3
5557,2
5558,3
5559,1
5560,0
5561,3
5564,1
5565,1
5566,2
5567,1
5568,3
5569,0
5570,1
5571,0
5572,1
5573,3
5574,0
5575,0
5576,2
5577,1
5578,0
5581,2
5582,0
5584,0
5585,0
5586,1
5587,1
5588,0
5589,2
5590,0
5591,2
5592,0
5593,2
5594,0
5595,0
5596,1
5597,0
5598,3
5599,2
5600,1
5601,2
5602,2
5605,1
5608,2
5609,1
5610,3
5611,0
5612,0
5613,1
5614,3
5616,0
5617,2
5618,1
5619,2
5620,0
5622,1
5625,2
5626,0
5627,1
5628,2
5629,2
5630,2
5631,0
5632,2
5633,2
5634,3
5636,0
5637,2
5638,0
5639,0
5640,2
5641,3
5642,0
5644,2
5645,0
5646,2
5647,1
5648,2
5649,2
5650,3
5651,2
5652,0
5653,1
5654,0
5655,0
5656,2
5657,1
5658,1
5659,0
5660,1
5661,0
5663,0
5664,0
5665,1
5666,1
5667,2
5668,3
5669,0
5670,2
5671,1
5672,2
5673,0
5674,2
5675,0
5676,2
5677,0
5678,2
5679,0
5680,0
5681,0
5683,2
5684,0
5685,1
5686,1
5687,2
5688,2
5689,3
5690,3
5691,0
5693,2
5694,0
5695,2
5696,3
5697,1
5698,0
5699,3
5700,0
5701,2
5702,3
5703,3
5704,0
5705,2
5706,2
5707,0
5708,0
5709,0
5710,2
5711,0
5713,0
5714,2
5715,0
5716,1
5717,3
5718,0
5719,0
5720,1
5721,3
5722,0
5723,0
5724,1
5725,0
5726,2
5727,0
5728,1
5729,0
5730,2
5731,2
5732,0
5733,0
5734,2
5735,0
5736,0
5737,0
5738,0
5739,0
5740,2
5741,2
5742,2
5743,0
5744,3
5745,2
5746,3
5747,2
5748,0
5749,2
5750,2
5751,0
5752,3
5753,3
5754,0
5755,0
5756,2
5757,0
5758,2
5759,2
5760,2
5761,2
5762,2
5763,3
5764,0
5765,3
5766,0
5767,0
5769,3
5770,2
5771,0
5772,2
5773,2
5774,0
5775,3
5776,3
5777,0
5778,1
5779,1
5780,0
5781,2
5782,0
5783,2
5784,2
5785,0
5786,1
5787,2
5789,2
5790,3
5791,0
5792,0
5793,0
5794,3
5795,2
5796,2
5797,0
5798,0
5799,1
5800,2
5801,2
5802,3
5803,0
5804,3
5805,0
5806,2
5807,3
5808,1
5809,3
5810,0
5811,0
5812,0
5813,2
5815,0
5816,3
5817,3
5818,2
5819,0
5820,3
5821,2
5822,0
5823,0
5824,3
5825,3
5826,3
5827,2
5828,0
5829,3
5830,2
5831,0
5832,2
5833,3
5834,0
5835,0
5836,3
5837,2
5838,0
5839,3
5840,3
5841,2
5842,3
5843,2
5844,2
5845,3
5846,3
5847,0
5848,0
5849,2
5850,0
5851,2
5852,2
5853,0
5854,3
5855,3
5857,0
5858,0
5859,3
5860,0
5861,1
5862,1
5863,1
5864,0
5865,3
5866,1
5867,3
5868,3
5869,0
5870,0
5871,2
5872,2
5873,3
5874,3
5875,3
5876,3
5877,0
5878,2
5879,0
5880,3
5882,0
5883,0
5884,0
5885,0
5886,3
5887,0
5888,3
5889,2
5891,2
5893,0
5894,1
5895,3
5896,2
5897,0
5899,2
5900,2
5901,0
5902,1
5903,2
5904,0
5905,2
5906,2
5907,2
5908,2
5909,2
5910,3
5911,0
5912,0
5913,2
5914,2
5915,3
5916,2
5917,0
5918,2
5919,0
5920,2
5921,2
5922,0
5923,0
5924,0
5925,2
5926,2
5927,2
5928,0
5929,0
5930,3
5931,2
5933,0
5934,0
5935,0
5936,2
5937,2
5938,0
5939,0
5940,2
5942,1
5944,0
5945,1
5947,2
5948,3
5949,2
5950,0
5952,2
5953,0
5954,0
5955,2
5956,2
5958,2
5959,2
5960,2
5962,0
5963,0
5964,0
5965,2
5966,0
5967,0
5968,0
5969,0
5970,2
5971,0
5972,0
5973,0
5974,1
5975,2
5976,0
5978,0
5979,0
5980,0
5981,2
5982,0
5983,2
5984,2
5985,0
5987,2
5988,0
5989,1
5990,0
5992,2
5993,0
5994,2
5996,0
5997,0
5998,0
5999,0
6000,2
6001,0
6002,0
6003,0
6004,0
6006,0
6007,2
6008,0
6009,2
6010,2
6011,0
6012,0
6013,1
6014,0
6015,0
6016,0
6017,0
6018,0
6019,2
6020,2
6021,0
6022,2
6023,0
6025,2
6026,0
6027,0
6028,2
6029,1
6030,3
6031,0
6032,2
6033,0
6034,1
6036,3
6037,0
6038,0
6039,3
6040,3
6041,2
6043,0
6044,1
6045,2
6046,0
6047,0
6048,2
6050,0
6051,0
6052,0
6053,2
6054,2
6055,0
6056,1
6057,0
6058,1
6059,0
6060,3
6061,1
6062,0
6063,0
6064,0
6065,1
6066,3
6067,0
6068,0
6069,1
6070,0
6072,0
6073,0
6074,0
6075,2
6076,0
6077,0
6078,2
6079,2
6080,0
6081,0
6082,0
6083,0
6084,0
6085,2
6086,0
6087,0
6088,1
6089,0
6090,0
6091,2
6092,1
6093,2
6094,0
6096,0
6097,2
6098,3
6099,0
6100,1
6101,0
6102,0
6103,1
6104,0
6105,0
6106,0
6107,3
6108,0
6109,0
6110,0
6112,2
6113,3
6114,2
6115,2
6116,0
6117,2
6118,2
6119,3
6121,2
6122,2
6123,2
6124,1
6125,0
6126,3
6127,0
6128,0
6129,1
6130,2
6131,0
6132,0
6133,0
6134,0
6135,3
6136,0
6137,0
6138,0
6140,2
6141,1
6142,0
6143,1
6144,2
6145,0
6146,0
6147,0
6148,1
6149,0
6150,3
6151,0
6152,0
6153,0
6154,2
6155,2
6156,0
6157,2
6158,0
6159,2
6160,1
6161,2
6162,0
6163,0
6164,0
6165,3
6166,2
6167,1
6168,0
6169,0
6170,0
6171,0
6172,0
6173,2
6174,0
6175,2
6176,3
6177,0
6178,2
6179,0
6180,2
6181,2
6182,2
6183,0
6184,1
6186,0
6187,2
6188,0
6189,0
6190,2
6191,2
6192,2
6193,3
6194,2
6196,1
6197,3
6198,0
6199,3
6200,0
6201,3
6202,0
6203,3
6204,0
6205,0
6206,2
6207,0
6208,3
6209,2
6210,0
6211,1
6212,0
6213,0
6214,2
6215,1
6216,1
6217,2
6218,0
6219,3
6220,1
6221,1
6222,2
6223,3
6224,2
6225,1
6226,1
6227,3
6228,0
6229,2
6230,0
6231,0
6232,0
6233,0
6234,2
6235,2
6236,1
6237,1
6238,2
6239,0
6240,0
6241,2
6242,0
6243,0
6244,0
6245,0
6246,2
6247,1
6248,1
6249,3
6250,0
6253,0
6255,3
6256,0
6257,0
6258,0
6259,1
6260,1
6261,0
6262,0
6263,2
6264,1
6265,1
6267,2
6268,2
6269,1
6270,2
6271,2
6272,0
6273,0
6274,3
6275,2
6276,0
6277,0
6278,0
6279,1
6280,0
6281,2
6282,0
6283,1
6284,1
6285,0
6286,0
6287,0
6288,3
6289,3
6290,0
6291,2
6292,2
6293,1
6294,0
6295,0
6296,3
6297,3
6298,3
6299,1
6300,1
6301,2
6303,0
6304,2
6305,2
6306,1
6307,3
6308,0
6309,3
6310,0
6311,1
6312,2
6313,2
6314,0
6315,3
6316,0
6317,0
6318,3
6319,2
6320,0
6321,3
6322,0
6324,2
6325,0
6327,0
6328,2
6331,2
6332,1
6334,1
6336,2
6337,0
6340,1
6342,2
6348,2
6349,1
6350,2
6354,3
6360,0
6361,0
6363,2
6365,0
6367,1
6368,0
6370,2
6371,0
6373,3
6374,0
6376,0
6377,1
6379,0
6380,2
6381,0
6382,3
6383,1
6384,1
6385,1
6386,2
6391,1
6393,2
6394,0
6397,1
6400,2
6401,0
6404,1
6405,0
6406,3
6409,0
6411,1
6412,2
6413,0
6414,1
6415,1
6416,3
6417,0
6418,1
6420,3
6421,3
6422,1
6423,2
6424,0
6427,0
6428,0
6429,1
6430,0
6432,0
6433,1
6434,2
6435,1
6437,1
6438,0
6439,0
6440,2
6441,2
6442,1
6443,1
6444,1
6445,2
6446,0
6449,1
6450,2
6451,2
6452,1
6454,1
6457,0
6459,2
6460,0
6461,3
6462,3
6463,2
6468,0
6470,0
6472,1
6473,0
6474,3
6475,0
6476,1
6477,0
6478,2
6479,0
6480,2
6483,0
6484,3
6485,0
6486,0
6487,0
6488,2
6489,0
6490,2
6492,0
6493,0
6494,0
6495,2
6496,2
6497,2
6499,2
6501,2
6505,0
6506,3
6507,0
6508,1
6510,2
6511,1
6514,0
6515,2
6516,0
6517,0
6518,1
6519,2
6521,0
6522,0
6523,2
6525,0
6526,2
6527,2
6528,3
6529,0
6530,1
6531,0
6532,0
6534,0
6535,3
6536,1
6537,0
6538,1
6539,3
6540,1
6541,1
6542,3
6543,1
6544,0
6545,0
6546,3
6547,1
6548,1
6549,3
6550,1
6551,0
6552,2
6554,1
6555,1
6557,2
6559,2
6560,0
6562,0
6563,0
6564,2
6566,0
6572,0
6573,0
6574,0
6575,2
6576,0
6577,2
6578,1
6579,2
6581,2
6583,2
6585,2
6590,1
6591,3
6592,0
6594,0
6595,2
6596,3
6597,0
6599,3
6600,2
6601,3
6602,2
6603,1
6604,0
6605,2
6606,1
6607,0
6608,2
6609,1
6610,3
6611,0
6612,0
6614,1
6615,1
6616,0
6617,1
6618,1
6619,1
6620,2
6621,3
6623,0
6624,0
6625,1
6626,1
6627,2
6628,3
6629,3
6631,2
6632,1
6633,0
6634,1
6635,3
6636,2
6637,0
6638,3
6639,1
6640,0
6641,0
6642,2
6644,0
6645,0
6646,1
6647,0
6648,3
6649,0
6650,2
6651,2
6652,1
6653,1
6655,0
6657,0
6659,1
6660,2
6661,2
6663,2
6664,0
6665,0
6668,0
6669,2
6670,0
6672,2
6673,1
6675,2
6676,0
6678,0
6679,0
6681,1
6684,1
6685,2
6686,2
6687,0
6689,1
6690,0
6691,2
6692,1
6693,2
6694,0
6695,0
6696,3
6697,2
6698,2
6700,1
6701,0
6702,1
6703,0
6704,0
6705,3
6706,1
6707,0
6708,0
6709,3
6711,2
6712,2
6713,0
6715,0
6717,3
6718,2
6722,0
6724,0
6725,2
6726,2
6730,0
6732,0
6733,2
6734,1
6735,0
6736,3
6737,3
6738,0
6739,0
6740,2
6743,1
6744,2
6745,0
6746,1
6748,2
6749,0
6750,0
6754,1
6755,1
6757,2
6758,0
6759,3
6760,1
6762,3
6763,1
6764,3
6765,1
6767,1
6768,0
6769,0
6770,1
6771,1
6772,2
6774,2
6775,1
6776,0
6777,2
6781,0
6783,3
6785,0
6786,1
6787,1
6788,1
6789,3
6790,1
6791,1
6792,0
6793,3
6794,0
6795,2
6796,1
6798,1
6799,0
6801,2
6803,3
6805,2
6807,0
6810,1
6811,1
6812,0
6814,3
6815,0
6816,1
6817,0
6818,0
6820,1
6821,1
6822,3
6823,0
6824,0
6825,2
6826,2
6827,1
6829,0
6830,2
6831,3
6834,1
6836,2
6837,1
6839,2
6840,0
6841,2
6842,1
6844,1
6846,1
6848,0
6851,1
6853,0
6855,0
6856,2
6857,0
6859,0
6860,1
6861,1
6862,1
6863,0
6864,3
6865,1
6866,3
6868,2
6869,2
6870,3
6871,0
6872,1
6873,2
6874,1
6875,1
6876,2
6877,2
6878,0
6879,2
6880,0
6881,0
6882,0
6883,2
6884,0
6885,0
6886,1
6888,0
6889,3
6890,1
6892,3
6893,1
6894,1
6895,1
6898,1
6899,2
6900,1
6901,3
6903,0
6904,0
6905,1
6906,1
6907,0
6909,0
6910,1
6911,3
6912,3
6913,1
6914,2
6915,1
6916,0
6918,1
6920,3
6923,2
6924,0
6925,1
6926,1
6928,0
6929,1
6930,0
6931,1
6932,2
6933,2
6935,3
6936,0
6937,1
6938,2
6939,1
6940,1
6941,1
6942,1
6943,2
6945,0
6946,1
6947,1
6948,0
6949,1
6950,1
6952,0
6953,2
6955,0
6956,3
6958,0
6959,0
6960,3
6961,1
6962,1
6963,0
6964,1
6965,0
6966,3
6967,1
6968,3
6969,0
6970,3
6971,1
6972,2
6973,0
6974,0
6975,1
6977,0
6978,3
6979,3
6980,1
6981,3
6982,2
6983,3
6984,0
6985,2
6986,1
6987,2
6989,2
6991,1
6992,1
6993,0
6994,3
6995,2
6996,0
6997,3
6998,1
6999,0
7000,3
7001,1
7002,0
7003,0
7004,3
7005,2
7006,1
7007,1
7008,3
7009,1
7010,2
7011,2
7012,1
7013,2
7014,0
7015,1
7016,3
7017,0
7018,3
7019,0
7020,0
7021,1
7022,2
7023,3
7024,1
7025,1
7026,0
7028,2
7029,1
7031,0
7032,1
7033,2
7035,1
7036,3
7037,2
7038,2
7039,1
7040,2
7041,0
7042,1
7044,0
7045,0
7046,0
7047,0
7048,2
7049,1
7050,2
7051,2
7052,0
7053,0
7054,2
7055,2
7056,0
7058,0
7060,0
7061,2
7062,2
7063,0
7064,3
7065,0
7066,0
7067,1
7068,0
7069,0
7070,0
7071,2
7072,3
7074,0
7075,0
7076,2
7077,0
7078,0
7080,0
7081,0
7083,1
7085,2
7087,0
7088,1
7089,0
7090,3
7091,1
7092,0
7093,1
7094,2
7095,0
7096,3
7097,1
7098,2
7099,3
7100,2
7101,3
7102,2
7103,0
7104,0
7105,0
7106,2
7107,0
7108,1
7109,0
7110,3
7111,3
7112,2
7113,1
7114,3
7115,0
7116,0
7117,3
7118,3
7119,0
7120,2
7121,0
7122,3
7123,1
7124,0
7125,0
7126,2
7127,3
7128,1
7130,2
7131,0
7132,1
7133,0
7134,0
7135,0
7136,0
7138,1
7140,1
7141,3
7142,0
7143,3
7144,0
7145,0
7146,0
7148,1
7150,2
7151,0
7152,1
7153,3
7155,0
7156,1
7157,0
7158,0
7159,0
7160,2
7161,2
7162,1
7163,3
7164,1
7165,2
7166,3
7167,0
7168,3
7170,0
7171,2
7172,0
7173,2
7174,3
7176,0
7177,3
7178,0
7179,1
7180,0
7181,0
7183,2
7184,0
7185,2
7186,0
7188,0
7189,2
7190,0
7191,0
7192,2
7193,2
7195,3
7196,0
7197,1
7198,0
7199,3
7200,0
7201,0
7203,1
7204,0
7206,0
7207,3
7208,2
7209,1
7210,2
7211,2
7212,0
7213,2
7214,0
7215,0
7216,0
7217,2
7218,2
7219,0
7220,0
7221,2
7223,3
7224,0
7226,3
7227,3
7229,3
7230,0
7231,2
7232,3
7233,0
7234,2
7235,1
7236,1
7237,3
7238,0
7239,1
7240,0
7241,0
7242,3
7243,0
7244,0
7246,3
7248,0
7249,2
7250,0
7251,2
7252,0
7253,1
7254,1
7255,3
7256,3
7257,0
7258,2
7260,0
7261,3
7262,1
7263,0
7264,2
7265,0
7266,1
7267,2
7268,0
7269,1
7270,1
7271,3
7272,3
7273,1
7274,0
7275,0
7276,0
7277,0
7278,0
7279,3
7280,1
7281,1
7282,0
7283,0
7284,2
7285,0
7286,2
7287,0
7289,2
7290,1
7291,2
7292,3
7293,2
7294,1
7297,0
7298,0
7299,0
7300,1
7301,1
7302,0
7303,0
7304,1
7305,3
7306,1
7307,0
7308,0
7309,2
7310,0
7311,2
7312,2
7313,1
7314,0
7315,1
7316,1
7317,0
7319,0
7320,2
7321,0
7322,1
7323,1
7324,2
7326,1
7327,2
7329,1
7330,1
7331,1
7332,0
7333,1
7334,0
7335,1
7336,0
7337,1
7339,1
7340,3
7341,0
7342,1
7344,2
7345,0
7346,3
7347,0
7348,2
7349,2
7350,3
7351,2
7352,0
7353,2
7355,0
7356,2
7357,0
7358,0
7359,0
7360,0
7361,0
7362,1
7363,0
7364,3
7365,2
7366,0
7367,3
7368,2
7369,2
7370,3
7371,0
7372,0
7373,0
7374,0
7375,0
7376,2
7377,2
7378,3
7379,0
7380,3
7381,0
7382,0
7383,3
7384,2
7385,2
7386,2
7387,0
7388,0
7389,1
7391,0
7392,0
7393,0
7394,2
7395,2
7396,1
7397,2
7398,0
7399,0
7400,0
7401,3
7402,0
7404,2
7405,1
7406,0
7407,0
7408,1
7409,1
7411,1
7412,2
7413,0
7414,2
7415,2
7416,3
7418,2
7419,1
7420,3
7421,1
7422,0
7423,0
7424,0
7425,2
7426,0
7427,0
7428,2
7429,0
7430,2
7432,2
7433,0
7434,1
7436,2
7437,2
7438,2
7439,0
7441,3
7442,1
7444,1
7445,0
7446,2
7447,1
7448,2
7449,1
7450,3
7452,1
7453,0
7454,1
7455,2
7456,1
7457,0
7458,2
7459,1
7460,0
7461,2
7462,0
7463,0
7464,2
7465,1
7469,1
7470,1
7471,1
7472,0
7473,3
7474,3
7475,3
7477,3
7478,3
7479,1
7480,0
7481,3
7482,3
7483,0
7484,3
7485,2
7486,1
7487,3
7489,0
7490,0
7491,2
7492,2
7493,3
7494,3
7495,0
7497,0
7498,2
7500,3
7501,0
7502,0
7503,1
7504,0
7505,3
7506,3
7507,3
7508,3
7509,3
7510,0
7511,3
7512,0
7513,0
7514,1
7515,0
7517,0
7518,1
7519,2
7520,0
7521,1
7522,2
7523,0
7524,3
7525,0
7526,3
7527,3
7528,0
7529,0
7530,0
7531,0
7534,0
7535,2
7536,3
7537,0
7538,0
7539,2
7540,3
7541,0
7542,3
7543,0
7545,0
7546,0
7547,0
7548,0
7549,1
7550,0
7551,0
7552,2
7553,0
7554,0
7555,2
7556,0
7558,0
7559,2
7560,0
7561,3
7562,2
7563,3
7564,0
7565,1
7566,0
7567,0
7569,0
7570,2
7571,2
7573,1
7574,2
7575,0
7576,3
7578,2
7579,3
7580,0
7581,1
7582,0
7583,1
7584,3
7585,0
7586,2
7588,2
7589,0
7590,3
7591,0
7592,2
7593,0
7594,2
7595,0
7596,3
7597,2
7598,3
7599,3
7600,3
7601,3
7602,1
7603,3
7604,3
7605,3
7606,2
7607,1
7608,0
7609,0
7610,1
7611,3
7612,0
7613,2
7614,1
7615,2
7617,1
7618,0
7619,0
7620,0
7621,3
7622,0
7623,2
7624,0
7625,2
7626,1
7627,2
7628,3
7629,2
7630,0
7631,1
7632,3
7633,0
7634,1
7635,3
7636,0
7637,1
7638,1
7639,0
7640,1
7641,3
7643,0
7644,0
7645,0
7647,3
7649,1
7650,0
7651,3
7652,2
7653,2
7655,3
7656,1
7657,0
7659,2
7660,0
7661,0
7662,1
7663,2
7664,0
7665,1
7666,0
7667,0
7669,3
7670,2
7671,1
7673,0
7674,1
7676,0
7677,1
7679,3
7682,3
7683,2
7684,2
7685,1
7686,0
7687,0
7688,0
7689,0
7690,0
7691,2
7692,3
7693,1
7695,0
7696,0
7697,1
7698,1
7699,1
7700,1
7701,3
7702,2
7703,3
7704,0
7705,3
7706,3
7707,1
7708,2
7709,0
7710,3
7711,3
7712,1
7713,2
7714,3
7715,1
7716,1
7717,1
7718,1
7719,1
7720,1
7721,0
7722,2
7723,1
7724,3
7725,2
7726,2
7727,1
7728,3
7729,0
7730,3
7731,1
7732,2
7733,1
7734,0
7736,0
7738,1
7739,2
7741,1
7742,0
7743,0
7744,1
7745,0
7746,0
7747,0
7748,2
7749,2
7750,0
7751,2
7752,2
7754,2
7756,0
7757,0
7758,2
7759,0
7761,0
7762,0
7763,1
7764,3
7765,0
7766,0
7767,0
7768,1
7769,3
7770,1
7772,0
7773,0
7774,0
7775,1
7776,0
7777,3
7778,2
7779,2
7781,1
7782,0
7783,0
7784,0
7789,0
7790,0
7791,1
7792,2
7793,0
7794,0
7795,0
7796,2
7797,0
7798,1
7799,2
7800,0
7801,1
7802,1
7803,0
7804,3
7805,0
7806,3
7807,0
7808,2
7809,0
7810,1
7811,1
7812,0
7813,3
7814,2
7815,0
7817,0
7818,3
7819,0
7820,0
7821,0
7822,2
7823,2
7824,3
7825,3
7826,0
7827,2
7828,3
7829,3
7830,1
7831,3
7832,0
7833,0
7834,3
7836,2
7837,0
7838,0
7839,1
7840,3
7841,1
7842,0
7843,2
7844,1
7845,2
7846,2
7847,0
7848,0
7849,0
7850,0
7851,0
7852,0
7853,2
7854,2
7855,0
7856,0
7857,1
7858,0
7859,0
7860,0
7861,2
7862,0
7863,0
7864,0
7865,2
7867,2
7868,0
7869,0
7870,3
7871,2
7872,2
7873,0
7874,2
7875,1
7876,0
7877,1
7878,0
7879,0
7880,2
7882,0
7883,0
7884,0
7885,0
7886,2
7888,0
7889,2
7890,2
7891,2
7892,1
7894,0
7895,0
7896,3
7898,1
7899,0
7900,0
7901,3
7902,3
7903,3
7905,3
7906,0
7907,0
7908,2
7909,1
7910,0
7911,1
7912,0
7913,0
7914,2
7915,3
7916,3
7917,1
7918,2
7919,2
7920,0
7921,3
7923,0
7924,0
7925,0
7926,2
7927,3
7928,0
7929,3
7930,1
7931,3
7932,0
7933,0
7934,1
7935,0
7936,2
7937,0
7938,0
7939,0
7940,2
7941,2
7942,2
7943,2
7944,0
7945,2
7946,0
7947,0
7948,2
7949,2
7950,1
7951,0
7952,0
7953,2
7955,2
7956,3
7957,1
7958,0
7959,2
7960,1
7961,2
7962,2
7964,3
7965,2
7966,2
7967,2
7968,0
7969,1
7970,1
7971,2
7972,2
7973,2
7974,2
7975,2
7976,0
7977,0
7978,0
7979,1
7980,0
7981,1
7982,0
7983,1
7984,1
7985,0
7986,0
7988,1
7989,1
7990,3
7991,0
7993,2
7994,0
7995,3
7996,1
7997,2
7998,3
7999,1
8000,1
8001,0
8002,2
8003,0
8004,0
8005,2
8006,0
8007,0
8008,0
8009,1
8010,0
8011,0
8012,0
8013,0
8014,2
8015,2
8016,1
8017,2
8018,1
8019,0
8020,2
8021,0
8022,2
8023,3
8024,0
8025,1
8026,1
8027,2
8028,0
8029,0
8030,0
8031,0
8032,3
8033,3
8034,2
8035,2
8036,0
8037,0
8038,1
8040,1
8042,2
8043,0
8044,0
8045,2
8046,0
8047,2
8049,0
8050,0
8051,0
8052,2
8054,2
8055,2
8056,0
8057,1
8058,2
8059,0
8060,2
8061,3
8062,1
8063,1
8064,3
8065,2
8067,2
8068,0
8071,1
8072,0
8073,3
8074,0
8075,2
8077,2
8078,2
8079,2
8080,1
8083,0
8084,0
8088,0
8089,0
8090,0
8091,1
8092,0
8093,0
8094,2
8095,2
8096,0
8098,3
8099,1
8100,2
8101,0
8102,0
8103,2
8104,0
8105,0
8106,2
8107,1
8108,0
8109,2
8110,2
8111,0
8112,2
8113,0
8114,3
8115,0
8116,2
8117,0
8118,0
8119,3
8120,0
8121,0
8122,1
8123,0
8124,2
8125,2
8126,3
8127,2
8128,0
8129,0
8130,0
8131,0
8132,2
8133,0
8134,0
8135,0
8136,3
8137,0
8138,0
8139,3
8140,0
8141,2
8142,0
8143,2
8144,0
8146,2
8148,2
8149,0
8151,0
8152,2
8153,0
8154,0
8155,1
8157,0
8158,2
8159,2
8160,0
8161,1
8163,0
8164,2
8165,0
8166,2
8167,0
8168,3
8170,1
8171,1
8172,0
8173,0
8174,0
8175,2
8177,0
8178,0
8179,1
8180,0
8181,1
8182,0
8183,0
8184,2
8185,0
8186,0
8187,3
8188,1
8189,2
8190,0
8191,1
8192,3
8193,1
8194,0
8195,0
8196,3
8197,1
8198,0
8199,1
8200,2
8201,0
8202,2
8203,0
8204,3
8206,0
8207,3
8208,2
8209,0
8210,1
8211,0
8212,0
8214,0
8215,3
8216,2
8217,3
8218,2
8219,0
8220,0
8221,3
8222,2
8223,0
8224,0
8225,2
8226,0
8227,2
8228,0
8229,2
8230,2
8231,0
8232,0
8233,1
8234,3
8235,0
8236,0
8237,2
8238,0
8239,0
8240,0
8241,1
8242,2
8243,2
8244,2
8245,0
8246,2
8248,2
8249,1
8250,0
8252,2
8253,2
8254,0
8255,3
8256,0
8257,2
8258,0
8259,2
8260,0
8261,0
8262,2
8263,0
8264,0
8265,0
8266,0
8267,0
8268,2
8269,2
8270,0
8271,0
8272,0
8273,0
8274,2
8275,0
8276,0
8277,0
8278,0
8279,0
8280,2
8281,2
8282,0
8283,2
8284,0
8285,0
8286,0
8287,0
8288,0
8289,0
8290,2
8291,3
8292,0
8294,1
8295,1
8296,3
8298,0
8300,0
8301,2
8302,0
8304,0
8305,3
8306,0
8308,2
8309,0
8310,2
8313,0
8314,2
8315,0
8316,2
8319,0
8320,1
8321,3
8322,0
8323,2
8324,1
8325,1
8326,3
8327,0
8328,3
8329,2
8330,0
8331,0
8332,0
8333,0
8334,2
8335,1
8336,2
8337,2
8338,2
8339,0
8340,1
8341,1
8342,3
8343,2
8344,0
8345,3
8346,1
8348,0
8349,3
8350,0
8351,0
8352,2
8353,3
8354,0
8355,2
8356,0
8357,3
8358,2
8359,0
8360,2
8361,2
8362,0
8363,2
8365,0
8366,3
8367,2
8368,0
8369,1
8370,0
8372,1
8374,0
8375,3
8376,0
8377,1
8378,2
8379,2
8380,3
8381,2
8382,1
8383,2
8384,0
8385,0
8386,0
8387,0
8388,2
8389,0
8390,2
8391,1
8392,2
8393,2
8394,0
8395,1
8396,0
8397,3
8398,0
8399,0
8400,2
8401,0
8402,0
8403,2
8404,0
8405,2
8406,0
8407,0
8408,0
8410,0
8412,2
8413,0
8414,2
8415,2
8416,0
8417,0
8418,2
8419,0
8420,2
8421,3
8422,0
8423,2
8425,0
8426,0
8427,0
8428,0
8429,0
8430,2
8431,0
8432,0
8433,3
8434,0
8435,3
8437,2
8438,0
8439,0
8440,0
8442,2
8443,0
8445,1
8447,2
8451,2
8452,0
8453,2
8454,3
8455,1
8456,3
8457,0
8458,1
8459,0
8460,2
8461,2
8462,2
8463,0
8464,2
8465,0
8466,2
8469,1
8470,2
8471,0
8472,0
8473,3
8474,2
8475,0
8476,1
8477,1
8478,1
8479,3
8480,2
8482,0
8485,2
8486,0
8487,3
8489,0
8491,3
8492,0
8493,2
8494,0
8495,2
8496,2
8497,1
8498,0
8499,1
8500,0
8501,3
8502,2
8503,0
8504,2
8506,1
8507,1
8508,2
8509,1
8510,3
8511,2
8513,0
8514,0
8515,0
8516,2
8517,3
8518,0
8519,0
8520,0
8522,0
8524,0
8525,1
8526,1
8527,0
8528,1
8529,1
8530,0
8531,0
8532,1
8533,2
8534,0
8535,0
8536,0
8537,2
8538,0
8539,2
8540,1
8541,0
8542,0
8543,1
8544,2
8545,3
8546,3
8547,0
8548,2
8550,2
8551,0
8552,0
8553,0
8554,2
8555,3
8556,2
8557,0
8558,1
8559,2
8560,1
8561,0
8562,2
8563,0
8564,3
8565,2
8566,0
8567,3
8568,2
8569,2
8570,0
8571,0
8572,2
8573,2
8574,1
8575,2
8576,3
8577,2
8578,3
8579,1
8580,1
8581,1
8582,0
8583,0
8584,1
8585,0
8586,0
8587,0
8588,0
8590,3
8591,1
8593,2
8594,0
8595,2
8596,0
8597,1
8598,2
8599,1
8600,0
8601,1
8602,1
8603,1
8605,1
8606,2
8607,2
8608,0
8610,2
8611,2
8612,1
8613,2
8614,0
8615,0
8616,1
8617,0
8618,0
8620,2
8621,2
8622,1
8623,3
8624,0
8625,2
8626,3
8627,3
8628,0
8629,2
8630,0
8631,1
8632,2
8634,0
8636,0
8637,3
8639,2
8640,1
8641,2
8642,2
8643,0
8644,2
8645,2
8646,3
8647,0
8648,3
8649,0
8650,3
8651,0
8652,1
8653,0
8654,3
8655,3
8656,3
8657,1
8658,0
8659,0
8660,3
8661,0
8662,0
8663,3
8664,0
8666,0
8667,3
8668,3
8669,2
8670,0
8671,2
8672,3
8673,2
8675,0
8676,0
8677,2
8678,0
8679,0
8681,0
8682,1
8686,0
8688,3
8689,1
8690,3
8691,1
8692,0
8693,0
8694,1
8695,0
8696,3
8697,0
8698,3
8699,0
8700,0
8701,1
8702,1
8703,0
8704,1
8705,2
8706,0
8707,2
8708,1
8709,0
8710,2
8711,0
8712,1
8713,0
8714,2
8715,3
8716,3
8717,1
8718,3
8719,1
8720,1
8721,2
8722,0
8723,0
8724,0
8725,2
8726,2
8727,1
8729,1
8731,2
8732,1
8733,2
8734,0
8735,3
8736,3
8737,2
8738,0
8741,1
8742,3
8743,1
8744,1
8745,1
8746,0
8749,1
8753,1
8754,1
8755,1
8757,3
8759,0
8761,1
8764,1
8766,0
8767,1
8768,2
8769,0
8770,0
8771,0
8772,0
8773,3
8774,0
8775,2
8776,1
8777,0
8778,1
8779,2
8780,3
8781,2
8782,1
8783,1
8784,0
8785,2
8786,1
8787,0
8788,0
8789,0
8790,3
8791,2
8792,1
8793,0
8794,3
8795,3
8796,0
8797,3
8798,2
8799,0
8800,0
8801,1
8803,2
8804,3
8805,1
8806,3
8807,3
8808,0
8809,1
8810,3
8811,2
8812,0
8813,0
8814,0
8815,2
8816,0
8818,2
8819,0
8820,0
8822,3
8823,0
8824,0
8825,2
8826,0
8827,1
8828,2
8829,0
8830,1
8832,0
8833,3
8834,3
8835,1
8836,0
8837,3
8838,0
8839,0
8840,3
8841,0
8843,0
8844,0
8845,1
8846,0
8847,2
8848,0
8849,3
8850,0
8851,0
8852,0
8853,0
8854,3
8855,0
8856,1
8857,0
8858,0
8859,2
8861,1
8862,0
8863,2
8864,2
8865,1
8866,1
8867,3
8868,0
8869,3
8870,1
8871,3
8872,2
8873,1
8874,2
8875,0
8878,1
8879,3
8880,2
8881,2
8882,1
8883,2
8888,2
8889,3
8890,0
8891,2
8892,0
8894,0
8895,2
8896,0
8897,0
8898,2
8899,1
8900,2
8901,0
8903,0
8904,2
8905,0
8906,2
8907,0
8908,0
8910,1
8912,2
8913,2
8914,0
8915,3
8916,0
8917,0
8918,0
8919,1
8920,0
8921,3
8922,0
8923,3
8924,1
8925,1
8926,0
8927,2
8928,2
8929,0
8930,1
8931,3
8932,2
8933,0
8934,0
8935,2
8936,2
8937,2
8938,1
8939,0
8942,3
8943,2
8944,1
8945,0
8946,1
8948,0
8949,1
8950,3
8951,0
8952,1
8953,2
8955,0
8956,0
8957,2
8958,0
8960,3
8961,3
8962,0
8964,1
8965,0
8966,3
8967,1
8969,1
8971,3
8972,0
8973,3
8974,0
8975,1
8976,3
8977,0
8978,3
8979,1
8980,2
8981,3
8982,1
8984,3
8985,0
8986,1
8987,2
8988,1
8989,0
8990,0
8991,2
8992,1
8994,0
8996,0
8997,1
8999,0
9002,1
9004,0
9005,3
9007,0
9008,0
9009,0
9010,2
9011,0
9013,1
9014,0
9016,0
9017,1
9018,2
9019,0
9021,0
9022,1
9023,0
9024,0
9025,2
9026,2
9027,0
9028,0
9029,1
9030,1
9031,0
9032,2
9033,1
9034,2
9035,3
9036,2
9037,0
9038,2
9039,1
9040,2
9041,0
9042,2
9044,0
9045,3
9046,1
9047,0
9048,1
9050,2
9051,2
9052,0
9053,1
9054,2
9055,2
9056,0
9057,0
9058,3
9060,3
9061,0
9062,2
9063,0
9064,0
9065,2
9066,2
9067,0
9068,2
9069,1
9070,0
9071,2
9072,0
9073,1
9074,2
9075,0
9076,2
9077,0
9079,2
9080,3
9082,0
9083,0
9084,1
9086,0
9088,0
9089,0
9090,3
9091,2
9092,0
9093,1
9094,2
9095,1
9097,0
9098,3
9099,1
9100,0
9101,1
9102,0
9103,0
9104,2
9105,1
9106,0
9107,1
9108,3
9109,1
9110,3
9111,0
9112,0
9113,0
9114,0
9115,0
9116,1
9117,3
9118,0
9119,2
9120,2
9121,2
9122,0
9123,0
9124,0
9125,2
9126,0
9127,0
9128,2
9129,2
9130,1
9131,0
9132,2
9133,2
9134,1
9135,0
9136,3
9137,0
9138,2
9139,1
9140,0
9141,0
9142,2
9143,3
9144,0
9145,0
9147,2
9149,1
9151,3
9155,0
9156,1
9158,2
9161,3
9162,2
9163,1
9164,3
9165,3
9166,1
9167,0
9168,0
9169,3
9171,1
9173,1
9174,1
9175,1
9176,2
9177,3
9178,0
9179,3
9182,2
9183,0
9185,0
9186,0
9188,0
9189,1
9190,1
9191,1
9192,0
9193,0
9194,0
9195,2
9196,0
9197,1
9198,0
9199,0
9200,0
9204,0
9205,2
9206,0
9207,1
9208,0
9209,1
9210,1
9211,1
9212,0
9213,0
9214,1
9215,0
9216,1
9217,3
9218,2
9219,2
9220,2
9226,0
9229,3
9231,2
9233,1
9234,0
9235,0
9236,0
9238,0
9239,1
9240,1
9241,0
9242,1
9245,2
9246,0
9247,1
9248,2
9249,0
9250,3
9251,0
9253,2
9254,1
9257,3
9259,1
9260,0
9261,0
9262,2
9264,0
9266,0
9271,0
9272,0
9274,1
9275,0
9276,0
9277,3
9279,1
9280,3
9281,1
9282,2
9283,1
9284,2
9286,3
9287,0
9290,3
9292,2
9293,2
9295,1
9296,3
9298,1
9300,1
9301,0
9302,2
9306,1
9308,0
9312,1
9317,1
9318,1
9321,1
9322,0
9324,0
9325,2
9326,0
9327,1
9328,1
9329,3
9330,0
9331,2
9332,2
9333,1
9334,3
9335,1
9336,3
9337,0
9338,3
9339,0
9340,1
9341,1
9342,1
9343,0
9345,1
9346,1
9347,1
9348,0
9349,2
9350,3
9351,0
9352,2
9353,3
9354,2
9355,3
9356,3
9358,2
9359,1
9360,0
9361,1
9362,3
9363,2
9364,1
9365,1
9366,1
9367,1
9368,3
9369,1
9370,2
9371,2
9372,2
9375,0
9377,2
9378,2
9380,1
9381,1
9383,1
9384,1
9385,3
9386,3
9387,3
9388,0
9389,2
9390,3
9391,3
9392,1
9393,0
9394,3
9395,0
9396,0
9397,1
9398,3
9399,1
9400,3
9401,1
9402,0
9403,1
9404,1
9405,1
9406,0
9407,0
9408,3
9409,1
9410,0
9411,2
9412,1
9413,1
9414,0
9415,0
9417,1
9418,2
9419,2
9420,1
9421,1
9422,3
9423,2
9424,1
9425,3
9426,0
9427,2
9428,3
9429,0
9430,1
9433,0
9435,2
9436,1
9437,3
9438,0
9439,0
9440,2
9441,1
9442,1
9444,1
9445,1
9446,1
9448,0
9450,3
9452,0
9453,3
9454,3
9456,0
9458,3
9460,3
9461,0
9462,1
9465,2
9466,0
9467,1
9468,1
9469,1
9470,1
9472,1
9473,3
9474,1
9475,0
9476,2
9477,0
9480,1
9481,2
9483,2
9486,0
9489,0
9490,2
9491,3
9495,3
9496,0
9497,0
9499,0
9500,0
9501,1
9502,2
9504,2
9505,0
9506,1
9507,1
9508,0
9509,1
9510,0
9511,1
9512,2
9513,2
9514,1
9516,0
9519,3
9521,2
9522,3
9523,0
9524,0
9526,0
9527,1
9528,2
9530,3
9531,3
9532,1
9534,0
9536,0
9537,0
9538,0
9540,0
9541,0
9542,0
9543,0
9544,3
9546,0
9547,0
9548,2
9549,0
9550,0
9551,2
9552,1
9553,2
9554,3
9556,2
9557,0
9558,0
9562,0
9564,0
9565,2
9566,0
9567,1
9568,0
9571,1
9573,1
9574,3
9575,0
9577,1
9578,3
9579,0
9583,0
9585,3
9586,3
9587,0
9588,0
9589,0
9590,3
9591,0
9592,0
9593,1
9594,2
9595,0
9596,1
9597,0
9598,0
9599,2
9600,0
9601,2
9602,1
9603,1
9604,2
9606,1
9607,0
9608,3
9609,3
9610,3
9611,2
9612,2
9613,2
9615,3
9616,3
9617,2
9620,2
9621,1
9622,1
9623,3
9626,1
9627,0
9628,0
9629,3
9630,0
9631,0
9632,1
9634,0
9635,3
9636,1
9637,0
9638,3
9639,1
9640,0
9641,1
9642,2
9643,3
9645,2
9646,0
9647,2
9649,0
9651,0
9653,2
9654,0
9659,0
9661,1
9663,0
9665,0
9667,2
9669,1
9670,1
9671,2
9674,3
9676,0
9677,3
9678,1
9680,1
9681,0
9682,1
9683,0
9685,0
9688,0
9689,1
9691,0
9692,3
9693,2
9694,0
9695,2
9696,0
9698,1
9699,1
9700,0
9701,2
9702,1
9703,1
9704,2
9705,0
9706,2
9707,2
9708,1
9709,3
9710,2
9711,0
9712,0
9713,3
9714,0
9715,0
9716,1
9718,0
9719,0
9720,0
9721,0
9722,1
9723,2
9724,2
9725,1
9726,3
9727,0
9728,2
9729,0
9730,3
9731,2
9732,1
9733,1
9734,3
9735,1
9736,2
9737,0
9738,1
9739,2
9740,0
9741,0
9742,3
9743,3
9744,3
9745,1
9746,1
9747,0
9748,0
9749,1
9750,1
9751,2
9752,2
9753,3
9754,1
9755,1
9756,2
9757,1
9758,0
9759,3
9760,1
9762,1
9763,3
9766,0
9767,1
9768,0
9769,2
9773,1
9774,0
9776,0
9777,3
9778,0
9779,3
9780,1
9781,0
9782,3
9783,0
9784,3
9785,2
9786,3
9787,0
9788,1
9789,0
9790,2
9792,0
9793,0
9794,1
9795,1
9796,0
9797,2
9798,1
9799,3
9800,0
9801,2
9802,3
9803,3
9804,3
9805,2
9806,2
9807,2
9808,3
9809,0
9810,1
9811,2
9812,0
9813,1
9815,1
9816,2
9817,0
9822,1
9823,1
9824,1
9825,0
9826,1
9827,1
9828,0
9829,1
9830,1
9831,3
9832,0
9833,1
9834,2
9835,2
9836,0
9837,1
9838,0
9839,2
9840,2
9841,3
9842,0
9843,1
9845,3
9846,3
9847,0
9848,3
9850,0
9853,2
9855,1
9856,3
9857,2
9859,0
9860,2
9861,1
9862,1
9864,0
9865,1
9866,0
9867,3
9868,3
9869,3
9871,2
9873,3
9874,2
9875,0
9877,0
9878,2
9879,1
9880,0
9881,0
9882,0
9883,0
9884,2
9885,0
9886,0
9888,2
9889,0
9890,0
9892,1
9893,0
9894,1
9895,1
9896,2
9897,0
9898,0
9899,1
9900,0
9901,0
9902,1
9903,2
9904,2
9905,2
9906,2
9907,0
9908,2
9909,0
9910,0
9911,2
9912,2
9913,3
9914,0
9915,0
9917,0
9919,1
9921,0
9922,0
9923,0
9924,2
9925,2
9926,0
9927,1
9928,2
9929,3
9930,2
9931,0
9932,1
9934,0
9935,0
9936,1
9937,0
9938,2
9939,1
9940,2
9942,1
9943,0
9944,2
9945,2
9946,0
9947,0
9948,2
9950,0
9951,0
9952,2
9953,2
9954,0
9955,3
9956,0
9958,1
9959,0
9960,1
9961,2
9962,0
9963,1
9964,3
9965,3
9966,3
9967,2
9968,2
9969,0
9971,2
9972,1
9973,0
9974,0
9975,0
9976,3
9977,0
9978,2
9979,2
9980,0
9981,3
9982,0
9983,3
9984,2
9985,3
9989,0
9990,0
9991,2
9992,3
9993,2
9995,0
9996,2
9998,0
9999,2
10001,2
10003,0
10004,2
10006,0
10007,3
10008,3
10009,3
10010,0
10011,0
10014,3
10015,1
10016,3
10017,0
10018,2
10020,2
10021,3
10022,3
10024,1
10025,2
10026,3
10027,0
10028,3
10029,0
10030,0
10031,2
10032,0
10033,1
10034,3
10035,1
10037,3
10038,1
10039,3
10040,0
10041,0
10042,2
10043,0
10046,0
10047,3
10049,3
10050,0
10051,3
10052,0
10053,0
10054,0
10055,3
10056,2
10057,3
10058,0
10060,0
10061,0
10062,3
10063,0
10064,0
10066,3
10067,0
10068,2
10069,0
10070,1
10071,0
10072,0
10073,2
10075,3
10076,3
10077,0
10078,2
10079,0
10080,3
10081,1
10082,0
10083,1
10084,0
10085,0
10086,3
10087,0
10088,0
10089,2
10090,0
10091,1
10092,3
10093,2
10094,0
10095,3
10096,1
10097,0
10098,1
10099,2
10100,0
10101,0
10102,0
10103,2
10104,0
10106,0
10108,2
10109,3
10111,3
10112,1
10113,3
10114,3
10116,0
10117,1
10118,3
10120,2
10121,0
10122,0
10123,2
10124,1
10125,0
10126,0
10127,2
10128,0
10129,2
10130,1
10132,3
10134,1
10135,1
10136,3
10137,1
10139,0
10140,3
10141,2
10142,2
10143,2
10144,3
10145,1
10146,2
10147,3
10148,3
10149,2
10150,0
10151,3
10152,2
10153,3
10154,2
10155,3
10157,2
10158,2
10159,1
10160,2
10161,3
10163,0
10165,0
10167,3
10168,0
10169,3
10171,2
10172,2
10173,2
10174,1
10175,3
10176,0
10177,2
10178,2
10179,1
10180,0
10181,2
10182,0
10184,0
10185,0
10186,2
10187,0
10188,0
10189,0
10190,0
10191,2
10192,3
10193,2
10194,0
10195,0
10196,0
10197,0
10198,0
10199,3
10200,0
10201,3
10202,2
10203,0
10205,3
10206,1
10207,3
10209,2
10210,1
10211,1
10212,0
10213,2
10214,1
10215,3
10216,3
10217,3
10218,0
10219,1
10220,0
10221,1
10222,2
10223,1
10224,1
10225,0
10226,2
10227,2
10228,1
10229,1
10231,0
10232,1
10233,0
10234,0
10235,1
10236,0
10237,2
10238,1
10239,1
10240,3
10241,2
10242,0
10243,1
10244,1
10246,3
10248,1
10249,3
10250,1
10251,1
10252,2
10253,0
10254,0
10255,3
10256,2
10257,2
10258,0
10259,0
10260,2
10261,1
10262,3
10263,1
10264,0
10265,3
10267,0
10268,0
10269,2
10270,1
10272,0
10273,0
10274,0
10275,0
10276,1
10277,3
10278,3
10279,1
10280,3
10281,2
10282,2
10283,3
10284,2
10285,0
10286,2
10287,3
10288,2
10289,3
10291,1
10292,1
10293,0
10294,0
10296,0
10297,0
10298,2
10299,3
10300,0
10301,0
10302,3
10304,3
10305,2
10306,0
10307,0
10308,2
10309,3
10311,0
10312,0
10313,3
10314,3
10315,1
10316,0
10317,2
10318,3
10320,2
10321,0
10323,2
10324,1
10325,0
10326,0
10327,1
10328,3
10329,1
10330,3
10331,2
10332,0
10333,3
10334,0
10336,3
10337,2
10338,0
10339,2
10340,2
10341,2
10342,2
10343,3
10345,1
10346,3
10347,3
10348,3
10350,1
10351,3
10352,0
10353,1
10354,3
10355,0
10356,0
10357,3
10358,3
10361,3
10362,0
10363,1
10364,1
10366,2
10367,2
10368,0
10370,1
10371,2
10372,2
10373,2
10374,3
10375,1
10376,3
10377,0
10378,0
10379,0
10380,1
10381,1
10382,0
10383,3
10384,1
10385,3
10386,0
10387,1
10388,0
10389,0
10390,0
10391,1
10392,2
10393,1
10394,2
10395,0
10397,3
10398,0
10399,1
10400,1
10401,3
10402,0
10403,0
10405,1
10406,0
10407,3
10408,2
10409,2
10410,3
10411,2
10413,3
10415,0
10417,0
10418,0
10419,0
10421,0
10422,0
10423,3
10424,0
10425,3
10426,0
10427,0
10428,1
10429,0
10430,2
10431,0
10432,0
10433,3
10434,3
10435,1
10436,2
10437,2
10438,0
10439,0
10440,1
10441,0
10442,2
10444,3
10445,2
10446,2
10447,1
10448,0
10449,3
10450,3
10451,0
10452,3
10453,2
10454,1
10455,2
10456,2
10457,0
10458,1
10459,3
10460,1
10461,0
10462,0
10463,2
10464,0
10465,3
10466,2
10467,1
10469,1
10470,2
10471,3
10472,0
10473,2
10474,1
10475,0
10477,0
10478,2
10479,3
10480,3
10481,0
10482,0
10483,0
10484,2
10485,2
10486,3
10487,1
10488,0
10489,0
10490,0
10491,2
10492,0
10493,3
10494,1
10495,1
10496,3
10497,1
10498,0
10499,2
10500,2
10501,0
10502,3
10503,0
10504,1
10505,3
10506,3
10507,3
10508,0
10509,2
10510,1
10511,0
10512,2
10513,3
10514,1
10515,2
10516,2
10517,1
10518,0
10519,3
10520,1
10521,2
10522,3
10523,3
10524,0
10525,1
10528,1
10529,0
10530,0
10531,1
10532,0
10533,1
10535,1
10536,2
10537,1
10538,2
10539,1
10540,1
10541,0
10542,2
10544,3
10545,2
10546,1
10547,0
10548,1
10549,1
10550,2
10551,3
10553,1
10554,2
10555,2
10556,0
10557,2
10558,1
10559,2
10560,0
10561,2
10562,1
10563,0
10564,1
10565,2
10566,0
10567,3
